base_confidence,confidence_threshold,accuracy,correct_predictions,total_predictions
0.11,0.1,0.5571428571428572,195,350
0.12,0.1,0.5571428571428572,195,350
0.12,0.11,0.5571428571428572,195,350
0.13,0.1,0.5571428571428572,195,350
0.13,0.11,0.5571428571428572,195,350
0.13,0.12,0.5571428571428572,195,350
0.14,0.1,0.5571428571428572,195,350
0.14,0.11,0.5571428571428572,195,350
0.14,0.12,0.5571428571428572,195,350
0.14,0.13,0.5571428571428572,195,350
0.15,0.1,0.5571428571428572,195,350
0.15,0.11,0.5571428571428572,195,350
0.15,0.12,0.5571428571428572,195,350
0.15,0.13,0.5571428571428572,195,350
0.15,0.14,0.5571428571428572,195,350
0.16,0.1,0.5571428571428572,195,350
0.16,0.11,0.5571428571428572,195,350
0.16,0.12,0.5571428571428572,195,350
0.16,0.13,0.5571428571428572,195,350
0.16,0.14,0.5571428571428572,195,350
0.16,0.15,0.5571428571428572,195,350
0.17,0.1,0.5571428571428572,195,350
0.17,0.11,0.5571428571428572,195,350
0.17,0.12,0.5571428571428572,195,350
0.17,0.13,0.5571428571428572,195,350
0.17,0.14,0.5571428571428572,195,350
0.17,0.15,0.5571428571428572,195,350
0.17,0.16,0.5571428571428572,195,350
0.18,0.1,0.5571428571428572,195,350
0.18,0.11,0.5571428571428572,195,350
0.18,0.12,0.5571428571428572,195,350
0.18,0.13,0.5571428571428572,195,350
0.18,0.14,0.5571428571428572,195,350
0.18,0.15,0.5571428571428572,195,350
0.18,0.16,0.5571428571428572,195,350
0.18,0.17,0.5571428571428572,195,350
0.19,0.1,0.5571428571428572,195,350
0.19,0.11,0.5571428571428572,195,350
0.19,0.12,0.5571428571428572,195,350
0.19,0.13,0.5571428571428572,195,350
0.19,0.14,0.5571428571428572,195,350
0.19,0.15,0.5571428571428572,195,350
0.19,0.16,0.5571428571428572,195,350
0.19,0.17,0.5571428571428572,195,350
0.19,0.18,0.5571428571428572,195,350
0.2,0.1,0.5628571428571428,197,350
0.2,0.11,0.5571428571428572,195,350
0.2,0.12,0.5571428571428572,195,350
0.2,0.13,0.5571428571428572,195,350
0.2,0.14,0.5571428571428572,195,350
0.2,0.15,0.5571428571428572,195,350
0.2,0.16,0.5571428571428572,195,350
0.2,0.17,0.5571428571428572,195,350
0.2,0.18,0.5571428571428572,195,350
0.2,0.19,0.5571428571428572,195,350
0.21,0.1,0.5628571428571428,197,350
0.21,0.11,0.5571428571428572,195,350
0.21,0.12,0.5571428571428572,195,350
0.21,0.13,0.5571428571428572,195,350
0.21,0.14,0.5571428571428572,195,350
0.21,0.15,0.5571428571428572,195,350
0.21,0.16,0.5571428571428572,195,350
0.21,0.17,0.5571428571428572,195,350
0.21,0.18,0.5571428571428572,195,350
0.21,0.19,0.5571428571428572,195,350
0.21,0.2,0.5571428571428572,195,350
0.22,0.1,0.5628571428571428,197,350
0.22,0.11,0.5628571428571428,197,350
0.22,0.12,0.5628571428571428,197,350
0.22,0.13,0.5571428571428572,195,350
0.22,0.14,0.5571428571428572,195,350
0.22,0.15,0.5571428571428572,195,350
0.22,0.16,0.5571428571428572,195,350
0.22,0.17,0.5571428571428572,195,350
0.22,0.18,0.5571428571428572,195,350
0.22,0.19,0.5571428571428572,195,350
0.22,0.2,0.5571428571428572,195,350
0.22,0.21,0.5571428571428572,195,350
0.23,0.1,0.5657142857142857,198,350
0.23,0.11,0.5628571428571428,197,350
0.23,0.12,0.5628571428571428,197,350
0.23,0.13,0.5628571428571428,197,350
0.23,0.14,0.5571428571428572,195,350
0.23,0.15,0.5571428571428572,195,350
0.23,0.16,0.5571428571428572,195,350
0.23,0.17,0.5571428571428572,195,350
0.23,0.18,0.5571428571428572,195,350
0.23,0.19,0.5571428571428572,195,350
0.23,0.2,0.5571428571428572,195,350
0.23,0.21,0.5571428571428572,195,350
0.23,0.22,0.5571428571428572,195,350
0.24,0.1,0.5657142857142857,198,350
0.24,0.11,0.5657142857142857,198,350
0.24,0.12,0.5628571428571428,197,350
0.24,0.13,0.5628571428571428,197,350
0.24,0.14,0.5571428571428572,195,350
0.24,0.15,0.5571428571428572,195,350
0.24,0.16,0.5571428571428572,195,350
0.24,0.17,0.5571428571428572,195,350
0.24,0.18,0.5571428571428572,195,350
0.24,0.19,0.5571428571428572,195,350
0.24,0.2,0.5571428571428572,195,350
0.24,0.21,0.5571428571428572,195,350
0.24,0.22,0.5571428571428572,195,350
0.24,0.23,0.5571428571428572,195,350
0.25,0.1,0.5657142857142857,198,350
0.25,0.11,0.5657142857142857,198,350
0.25,0.12,0.5657142857142857,198,350
0.25,0.13,0.5628571428571428,197,350
0.25,0.14,0.5628571428571428,197,350
0.25,0.15,0.5628571428571428,197,350
0.25,0.16,0.5571428571428572,195,350
0.25,0.17,0.5571428571428572,195,350
0.25,0.18,0.5571428571428572,195,350
0.25,0.19,0.5571428571428572,195,350
0.25,0.2,0.5571428571428572,195,350
0.25,0.21,0.5571428571428572,195,350
0.25,0.22,0.5571428571428572,195,350
0.25,0.23,0.5571428571428572,195,350
0.25,0.24,0.5571428571428572,195,350
0.26,0.1,0.5657142857142857,198,350
0.26,0.11,0.5657142857142857,198,350
0.26,0.12,0.5657142857142857,198,350
0.26,0.13,0.5657142857142857,198,350
0.26,0.14,0.5628571428571428,197,350
0.26,0.15,0.5628571428571428,197,350
0.26,0.16,0.5628571428571428,197,350
0.26,0.17,0.5571428571428572,195,350
0.26,0.18,0.5571428571428572,195,350
0.26,0.19,0.5571428571428572,195,350
0.26,0.2,0.5571428571428572,195,350
0.26,0.21,0.5571428571428572,195,350
0.26,0.22,0.5571428571428572,195,350
0.26,0.23,0.5571428571428572,195,350
0.26,0.24,0.5571428571428572,195,350
0.26,0.25,0.5571428571428572,195,350
0.27,0.1,0.5657142857142857,198,350
0.27,0.11,0.5657142857142857,198,350
0.27,0.12,0.5657142857142857,198,350
0.27,0.13,0.5657142857142857,198,350
0.27,0.14,0.5657142857142857,198,350
0.27,0.15,0.5657142857142857,198,350
0.27,0.16,0.5628571428571428,197,350
0.27,0.17,0.5628571428571428,197,350
0.27,0.18,0.5571428571428572,195,350
0.27,0.19,0.5571428571428572,195,350
0.27,0.2,0.5571428571428572,195,350
0.27,0.21,0.5571428571428572,195,350
0.27,0.22,0.5571428571428572,195,350
0.27,0.23,0.5571428571428572,195,350
0.27,0.24,0.5571428571428572,195,350
0.27,0.25,0.5571428571428572,195,350
0.27,0.26,0.5571428571428572,195,350
0.28,0.1,0.5657142857142857,198,350
0.28,0.11,0.5657142857142857,198,350
0.28,0.12,0.5657142857142857,198,350
0.28,0.13,0.5657142857142857,198,350
0.28,0.14,0.5657142857142857,198,350
0.28,0.15,0.5657142857142857,198,350
0.28,0.16,0.5657142857142857,198,350
0.28,0.17,0.5628571428571428,197,350
0.28,0.18,0.5628571428571428,197,350
0.28,0.19,0.5571428571428572,195,350
0.28,0.2,0.5571428571428572,195,350
0.28,0.21,0.5571428571428572,195,350
0.28,0.22,0.5571428571428572,195,350
0.28,0.23,0.5571428571428572,195,350
0.28,0.24,0.5571428571428572,195,350
0.28,0.25,0.5571428571428572,195,350
0.28,0.26,0.5571428571428572,195,350
0.28,0.27,0.5571428571428572,195,350
0.29,0.1,0.5657142857142857,198,350
0.29,0.11,0.5657142857142857,198,350
0.29,0.12,0.5657142857142857,198,350
0.29,0.13,0.5657142857142857,198,350
0.29,0.14,0.5657142857142857,198,350
0.29,0.15,0.5657142857142857,198,350
0.29,0.16,0.5657142857142857,198,350
0.29,0.17,0.5628571428571428,197,350
0.29,0.18,0.5628571428571428,197,350
0.29,0.19,0.5571428571428572,195,350
0.29,0.2,0.5571428571428572,195,350
0.29,0.21,0.5571428571428572,195,350
0.29,0.22,0.5571428571428572,195,350
0.29,0.23,0.5571428571428572,195,350
0.29,0.24,0.5571428571428572,195,350
0.29,0.25,0.5571428571428572,195,350
0.29,0.26,0.5571428571428572,195,350
0.29,0.27,0.5571428571428572,195,350
0.29,0.28,0.5571428571428572,195,350
0.3,0.1,0.5657142857142857,198,350
0.3,0.11,0.5657142857142857,198,350
0.3,0.12,0.5657142857142857,198,350
0.3,0.13,0.5657142857142857,198,350
0.3,0.14,0.5657142857142857,198,350
0.3,0.15,0.5657142857142857,198,350
0.3,0.16,0.5657142857142857,198,350
0.3,0.17,0.5657142857142857,198,350
0.3,0.18,0.5628571428571428,197,350
0.3,0.19,0.5628571428571428,197,350
0.3,0.2,0.5571428571428572,195,350
0.3,0.21,0.5571428571428572,195,350
0.3,0.22,0.5571428571428572,195,350
0.3,0.23,0.5571428571428572,195,350
0.3,0.24,0.5571428571428572,195,350
0.3,0.25,0.5571428571428572,195,350
0.3,0.26,0.5571428571428572,195,350
0.3,0.27,0.5571428571428572,195,350
0.3,0.28,0.5571428571428572,195,350
0.3,0.29,0.5571428571428572,195,350
0.31,0.1,0.8857142857142857,310,350
0.31,0.11,0.5657142857142857,198,350
0.31,0.12,0.5657142857142857,198,350
0.31,0.13,0.5657142857142857,198,350
0.31,0.14,0.5657142857142857,198,350
0.31,0.15,0.5657142857142857,198,350
0.31,0.16,0.5657142857142857,198,350
0.31,0.17,0.5657142857142857,198,350
0.31,0.18,0.5657142857142857,198,350
0.31,0.19,0.5628571428571428,197,350
0.31,0.2,0.5628571428571428,197,350
0.31,0.21,0.5628571428571428,197,350
0.31,0.22,0.5571428571428572,195,350
0.31,0.23,0.5571428571428572,195,350
0.31,0.24,0.5571428571428572,195,350
0.31,0.25,0.5571428571428572,195,350
0.31,0.26,0.5571428571428572,195,350
0.31,0.27,0.5571428571428572,195,350
0.31,0.28,0.5571428571428572,195,350
0.31,0.29,0.5571428571428572,195,350
0.31,0.3,0.5571428571428572,195,350
0.32,0.1,0.8857142857142857,310,350
0.32,0.11,0.8857142857142857,310,350
0.32,0.12,0.8857142857142857,310,350
0.32,0.13,0.5657142857142857,198,350
0.32,0.14,0.5657142857142857,198,350
0.32,0.15,0.5657142857142857,198,350
0.32,0.16,0.5657142857142857,198,350
0.32,0.17,0.5657142857142857,198,350
0.32,0.18,0.5657142857142857,198,350
0.32,0.19,0.5657142857142857,198,350
0.32,0.2,0.5628571428571428,197,350
0.32,0.21,0.5628571428571428,197,350
0.32,0.22,0.5628571428571428,197,350
0.32,0.23,0.5571428571428572,195,350
0.32,0.24,0.5571428571428572,195,350
0.32,0.25,0.5571428571428572,195,350
0.32,0.26,0.5571428571428572,195,350
0.32,0.27,0.5571428571428572,195,350
0.32,0.28,0.5571428571428572,195,350
0.32,0.29,0.5571428571428572,195,350
0.32,0.3,0.5571428571428572,195,350
0.32,0.31,0.5571428571428572,195,350
0.33,0.1,0.8857142857142857,310,350
0.33,0.11,0.8857142857142857,310,350
0.33,0.12,0.8857142857142857,310,350
0.33,0.13,0.8857142857142857,310,350
0.33,0.14,0.5657142857142857,198,350
0.33,0.15,0.5657142857142857,198,350
0.33,0.16,0.5657142857142857,198,350
0.33,0.17,0.5657142857142857,198,350
0.33,0.18,0.5657142857142857,198,350
0.33,0.19,0.5657142857142857,198,350
0.33,0.2,0.5657142857142857,198,350
0.33,0.21,0.5657142857142857,198,350
0.33,0.22,0.5628571428571428,197,350
0.33,0.23,0.5628571428571428,197,350
0.33,0.24,0.5571428571428572,195,350
0.33,0.25,0.5571428571428572,195,350
0.33,0.26,0.5571428571428572,195,350
0.33,0.27,0.5571428571428572,195,350
0.33,0.28,0.5571428571428572,195,350
0.33,0.29,0.5571428571428572,195,350
0.33,0.3,0.5571428571428572,195,350
0.33,0.31,0.5571428571428572,195,350
0.33,0.32,0.5571428571428572,195,350
0.34,0.1,0.8857142857142857,310,350
0.34,0.11,0.8857142857142857,310,350
0.34,0.12,0.8857142857142857,310,350
0.34,0.13,0.8857142857142857,310,350
0.34,0.14,0.8857142857142857,310,350
0.34,0.15,0.5657142857142857,198,350
0.34,0.16,0.5657142857142857,198,350
0.34,0.17,0.5657142857142857,198,350
0.34,0.18,0.5657142857142857,198,350
0.34,0.19,0.5657142857142857,198,350
0.34,0.2,0.5657142857142857,198,350
0.34,0.21,0.5657142857142857,198,350
0.34,0.22,0.5657142857142857,198,350
0.34,0.23,0.5628571428571428,197,350
0.34,0.24,0.5628571428571428,197,350
0.34,0.25,0.5571428571428572,195,350
0.34,0.26,0.5571428571428572,195,350
0.34,0.27,0.5571428571428572,195,350
0.34,0.28,0.5571428571428572,195,350
0.34,0.29,0.5571428571428572,195,350
0.34,0.3,0.5571428571428572,195,350
0.34,0.31,0.5571428571428572,195,350
0.34,0.32,0.5571428571428572,195,350
0.34,0.33,0.5571428571428572,195,350
0.35,0.1,0.8857142857142857,310,350
0.35,0.11,0.8857142857142857,310,350
0.35,0.12,0.8857142857142857,310,350
0.35,0.13,0.8857142857142857,310,350
0.35,0.14,0.8857142857142857,310,350
0.35,0.15,0.5657142857142857,198,350
0.35,0.16,0.5657142857142857,198,350
0.35,0.17,0.5657142857142857,198,350
0.35,0.18,0.5657142857142857,198,350
0.35,0.19,0.5657142857142857,198,350
0.35,0.2,0.5657142857142857,198,350
0.35,0.21,0.5657142857142857,198,350
0.35,0.22,0.5657142857142857,198,350
0.35,0.23,0.5628571428571428,197,350
0.35,0.24,0.5628571428571428,197,350
0.35,0.25,0.5571428571428572,195,350
0.35,0.26,0.5571428571428572,195,350
0.35,0.27,0.5571428571428572,195,350
0.35,0.28,0.5571428571428572,195,350
0.35,0.29,0.5571428571428572,195,350
0.35,0.3,0.5571428571428572,195,350
0.35,0.31,0.5571428571428572,195,350
0.35,0.32,0.5571428571428572,195,350
0.35,0.33,0.5571428571428572,195,350
0.35,0.34,0.5571428571428572,195,350
0.36,0.1,0.8857142857142857,310,350
0.36,0.11,0.8857142857142857,310,350
0.36,0.12,0.8857142857142857,310,350
0.36,0.13,0.8857142857142857,310,350
0.36,0.14,0.8857142857142857,310,350
0.36,0.15,0.8857142857142857,310,350
0.36,0.16,0.5657142857142857,198,350
0.36,0.17,0.5657142857142857,198,350
0.36,0.18,0.5657142857142857,198,350
0.36,0.19,0.5657142857142857,198,350
0.36,0.2,0.5657142857142857,198,350
0.36,0.21,0.5657142857142857,198,350
0.36,0.22,0.5657142857142857,198,350
0.36,0.23,0.5657142857142857,198,350
0.36,0.24,0.5628571428571428,197,350
0.36,0.25,0.5628571428571428,197,350
0.36,0.26,0.5628571428571428,197,350
0.36,0.27,0.5571428571428572,195,350
0.36,0.28,0.5571428571428572,195,350
0.36,0.29,0.5571428571428572,195,350
0.36,0.3,0.5571428571428572,195,350
0.36,0.31,0.5571428571428572,195,350
0.36,0.32,0.5571428571428572,195,350
0.36,0.33,0.5571428571428572,195,350
0.36,0.34,0.5571428571428572,195,350
0.36,0.35,0.5571428571428572,195,350
0.37,0.1,0.8857142857142857,310,350
0.37,0.11,0.8857142857142857,310,350
0.37,0.12,0.8857142857142857,310,350
0.37,0.13,0.8857142857142857,310,350
0.37,0.14,0.8857142857142857,310,350
0.37,0.15,0.8857142857142857,310,350
0.37,0.16,0.8857142857142857,310,350
0.37,0.17,0.5657142857142857,198,350
0.37,0.18,0.5657142857142857,198,350
0.37,0.19,0.5657142857142857,198,350
0.37,0.2,0.5657142857142857,198,350
0.37,0.21,0.5657142857142857,198,350
0.37,0.22,0.5657142857142857,198,350
0.37,0.23,0.5657142857142857,198,350
0.37,0.24,0.5657142857142857,198,350
0.37,0.25,0.5628571428571428,197,350
0.37,0.26,0.5628571428571428,197,350
0.37,0.27,0.5628571428571428,197,350
0.37,0.28,0.5571428571428572,195,350
0.37,0.29,0.5571428571428572,195,350
0.37,0.3,0.5571428571428572,195,350
0.37,0.31,0.5571428571428572,195,350
0.37,0.32,0.5571428571428572,195,350
0.37,0.33,0.5571428571428572,195,350
0.37,0.34,0.5571428571428572,195,350
0.37,0.35,0.5571428571428572,195,350
0.37,0.36,0.5571428571428572,195,350
0.38,0.1,0.8857142857142857,310,350
0.38,0.11,0.8857142857142857,310,350
0.38,0.12,0.8857142857142857,310,350
0.38,0.13,0.8857142857142857,310,350
0.38,0.14,0.8857142857142857,310,350
0.38,0.15,0.8857142857142857,310,350
0.38,0.16,0.8857142857142857,310,350
0.38,0.17,0.8857142857142857,310,350
0.38,0.18,0.8857142857142857,310,350
0.38,0.19,0.5657142857142857,198,350
0.38,0.2,0.5657142857142857,198,350
0.38,0.21,0.5657142857142857,198,350
0.38,0.22,0.5657142857142857,198,350
0.38,0.23,0.5657142857142857,198,350
0.38,0.24,0.5657142857142857,198,350
0.38,0.25,0.5657142857142857,198,350
0.38,0.26,0.5657142857142857,198,350
0.38,0.27,0.5628571428571428,197,350
0.38,0.28,0.5628571428571428,197,350
0.38,0.29,0.5571428571428572,195,350
0.38,0.3,0.5571428571428572,195,350
0.38,0.31,0.5571428571428572,195,350
0.38,0.32,0.5571428571428572,195,350
0.38,0.33,0.5571428571428572,195,350
0.38,0.34,0.5571428571428572,195,350
0.38,0.35,0.5571428571428572,195,350
0.38,0.36,0.5571428571428572,195,350
0.38,0.37,0.5571428571428572,195,350
0.39,0.1,0.8857142857142857,310,350
0.39,0.11,0.8857142857142857,310,350
0.39,0.12,0.8857142857142857,310,350
0.39,0.13,0.8857142857142857,310,350
0.39,0.14,0.8857142857142857,310,350
0.39,0.15,0.8857142857142857,310,350
0.39,0.16,0.8857142857142857,310,350
0.39,0.17,0.8857142857142857,310,350
0.39,0.18,0.8857142857142857,310,350
0.39,0.19,0.8857142857142857,310,350
0.39,0.2,0.5657142857142857,198,350
0.39,0.21,0.5657142857142857,198,350
0.39,0.22,0.5657142857142857,198,350
0.39,0.23,0.5657142857142857,198,350
0.39,0.24,0.5657142857142857,198,350
0.39,0.25,0.5657142857142857,198,350
0.39,0.26,0.5657142857142857,198,350
0.39,0.27,0.5657142857142857,198,350
0.39,0.28,0.5628571428571428,197,350
0.39,0.29,0.5628571428571428,197,350
0.39,0.3,0.5571428571428572,195,350
0.39,0.31,0.5571428571428572,195,350
0.39,0.32,0.5571428571428572,195,350
0.39,0.33,0.5571428571428572,195,350
0.39,0.34,0.5571428571428572,195,350
0.39,0.35,0.5571428571428572,195,350
0.39,0.36,0.5571428571428572,195,350
0.39,0.37,0.5571428571428572,195,350
0.39,0.38,0.5571428571428572,195,350
0.4,0.1,0.8857142857142857,310,350
0.4,0.11,0.8857142857142857,310,350
0.4,0.12,0.8857142857142857,310,350
0.4,0.13,0.8857142857142857,310,350
0.4,0.14,0.8857142857142857,310,350
0.4,0.15,0.8857142857142857,310,350
0.4,0.16,0.8857142857142857,310,350
0.4,0.17,0.8857142857142857,310,350
0.4,0.18,0.8857142857142857,310,350
0.4,0.19,0.8857142857142857,310,350
0.4,0.2,0.8857142857142857,310,350
0.4,0.21,0.5657142857142857,198,350
0.4,0.22,0.5657142857142857,198,350
0.4,0.23,0.5657142857142857,198,350
0.4,0.24,0.5657142857142857,198,350
0.4,0.25,0.5657142857142857,198,350
0.4,0.26,0.5657142857142857,198,350
0.4,0.27,0.5657142857142857,198,350
0.4,0.28,0.5657142857142857,198,350
0.4,0.29,0.5628571428571428,197,350
0.4,0.3,0.5628571428571428,197,350
0.4,0.31,0.5571428571428572,195,350
0.4,0.32,0.5571428571428572,195,350
0.4,0.33,0.5571428571428572,195,350
0.4,0.34,0.5571428571428572,195,350
0.4,0.35,0.5571428571428572,195,350
0.4,0.36,0.5571428571428572,195,350
0.4,0.37,0.5571428571428572,195,350
0.4,0.38,0.5571428571428572,195,350
0.4,0.39,0.5571428571428572,195,350
0.41,0.1,0.8857142857142857,310,350
0.41,0.11,0.8857142857142857,310,350
0.41,0.12,0.8857142857142857,310,350
0.41,0.13,0.8857142857142857,310,350
0.41,0.14,0.8857142857142857,310,350
0.41,0.15,0.8857142857142857,310,350
0.41,0.16,0.8857142857142857,310,350
0.41,0.17,0.8857142857142857,310,350
0.41,0.18,0.8857142857142857,310,350
0.41,0.19,0.8857142857142857,310,350
0.41,0.2,0.8857142857142857,310,350
0.41,0.21,0.5657142857142857,198,350
0.41,0.22,0.5657142857142857,198,350
0.41,0.23,0.5657142857142857,198,350
0.41,0.24,0.5657142857142857,198,350
0.41,0.25,0.5657142857142857,198,350
0.41,0.26,0.5657142857142857,198,350
0.41,0.27,0.5657142857142857,198,350
0.41,0.28,0.5657142857142857,198,350
0.41,0.29,0.5628571428571428,197,350
0.41,0.3,0.5628571428571428,197,350
0.41,0.31,0.5571428571428572,195,350
0.41,0.32,0.5571428571428572,195,350
0.41,0.33,0.5571428571428572,195,350
0.41,0.34,0.5571428571428572,195,350
0.41,0.35,0.5571428571428572,195,350
0.41,0.36,0.5571428571428572,195,350
0.41,0.37,0.5571428571428572,195,350
0.41,0.38,0.5571428571428572,195,350
0.41,0.39,0.5571428571428572,195,350
0.41,0.4,0.5571428571428572,195,350
0.42,0.1,0.8857142857142857,310,350
0.42,0.11,0.8857142857142857,310,350
0.42,0.12,0.8857142857142857,310,350
0.42,0.13,0.8857142857142857,310,350
0.42,0.14,0.8857142857142857,310,350
0.42,0.15,0.8857142857142857,310,350
0.42,0.16,0.8857142857142857,310,350
0.42,0.17,0.8857142857142857,310,350
0.42,0.18,0.8857142857142857,310,350
0.42,0.19,0.8857142857142857,310,350
0.42,0.2,0.8857142857142857,310,350
0.42,0.21,0.8857142857142857,310,350
0.42,0.22,0.5657142857142857,198,350
0.42,0.23,0.5657142857142857,198,350
0.42,0.24,0.5657142857142857,198,350
0.42,0.25,0.5657142857142857,198,350
0.42,0.26,0.5657142857142857,198,350
0.42,0.27,0.5657142857142857,198,350
0.42,0.28,0.5657142857142857,198,350
0.42,0.29,0.5657142857142857,198,350
0.42,0.3,0.5628571428571428,197,350
0.42,0.31,0.5628571428571428,197,350
0.42,0.32,0.5571428571428572,195,350
0.42,0.33,0.5571428571428572,195,350
0.42,0.34,0.5571428571428572,195,350
0.42,0.35,0.5571428571428572,195,350
0.42,0.36,0.5571428571428572,195,350
0.42,0.37,0.5571428571428572,195,350
0.42,0.38,0.5571428571428572,195,350
0.42,0.39,0.5571428571428572,195,350
0.42,0.4,0.5571428571428572,195,350
0.42,0.41,0.5571428571428572,195,350
0.43,0.1,0.8857142857142857,310,350
0.43,0.11,0.8857142857142857,310,350
0.43,0.12,0.8857142857142857,310,350
0.43,0.13,0.8857142857142857,310,350
0.43,0.14,0.8857142857142857,310,350
0.43,0.15,0.8857142857142857,310,350
0.43,0.16,0.8857142857142857,310,350
0.43,0.17,0.8857142857142857,310,350
0.43,0.18,0.8857142857142857,310,350
0.43,0.19,0.8857142857142857,310,350
0.43,0.2,0.8857142857142857,310,350
0.43,0.21,0.8857142857142857,310,350
0.43,0.22,0.8857142857142857,310,350
0.43,0.23,0.5657142857142857,198,350
0.43,0.24,0.5657142857142857,198,350
0.43,0.25,0.5657142857142857,198,350
0.43,0.26,0.5657142857142857,198,350
0.43,0.27,0.5657142857142857,198,350
0.43,0.28,0.5657142857142857,198,350
0.43,0.29,0.5657142857142857,198,350
0.43,0.3,0.5657142857142857,198,350
0.43,0.31,0.5628571428571428,197,350
0.43,0.32,0.5628571428571428,197,350
0.43,0.33,0.5571428571428572,195,350
0.43,0.34,0.5571428571428572,195,350
0.43,0.35,0.5571428571428572,195,350
0.43,0.36,0.5571428571428572,195,350
0.43,0.37,0.5571428571428572,195,350
0.43,0.38,0.5571428571428572,195,350
0.43,0.39,0.5571428571428572,195,350
0.43,0.4,0.5571428571428572,195,350
0.43,0.41,0.5571428571428572,195,350
0.43,0.42,0.5571428571428572,195,350
0.44,0.1,0.8857142857142857,310,350
0.44,0.11,0.8857142857142857,310,350
0.44,0.12,0.8857142857142857,310,350
0.44,0.13,0.8857142857142857,310,350
0.44,0.14,0.8857142857142857,310,350
0.44,0.15,0.8857142857142857,310,350
0.44,0.16,0.8857142857142857,310,350
0.44,0.17,0.8857142857142857,310,350
0.44,0.18,0.8857142857142857,310,350
0.44,0.19,0.8857142857142857,310,350
0.44,0.2,0.8857142857142857,310,350
0.44,0.21,0.8857142857142857,310,350
0.44,0.22,0.8857142857142857,310,350
0.44,0.23,0.8857142857142857,310,350
0.44,0.24,0.8857142857142857,310,350
0.44,0.25,0.5657142857142857,198,350
0.44,0.26,0.5657142857142857,198,350
0.44,0.27,0.5657142857142857,198,350
0.44,0.28,0.5657142857142857,198,350
0.44,0.29,0.5657142857142857,198,350
0.44,0.3,0.5657142857142857,198,350
0.44,0.31,0.5657142857142857,198,350
0.44,0.32,0.5628571428571428,197,350
0.44,0.33,0.5628571428571428,197,350
0.44,0.34,0.5571428571428572,195,350
0.44,0.35,0.5571428571428572,195,350
0.44,0.36,0.5571428571428572,195,350
0.44,0.37,0.5571428571428572,195,350
0.44,0.38,0.5571428571428572,195,350
0.44,0.39,0.5571428571428572,195,350
0.44,0.4,0.5571428571428572,195,350
0.44,0.41,0.5571428571428572,195,350
0.44,0.42,0.5571428571428572,195,350
0.44,0.43,0.5571428571428572,195,350
0.45,0.1,0.8857142857142857,310,350
0.45,0.11,0.8857142857142857,310,350
0.45,0.12,0.8857142857142857,310,350
0.45,0.13,0.8857142857142857,310,350
0.45,0.14,0.8857142857142857,310,350
0.45,0.15,0.8857142857142857,310,350
0.45,0.16,0.8857142857142857,310,350
0.45,0.17,0.8857142857142857,310,350
0.45,0.18,0.8857142857142857,310,350
0.45,0.19,0.8857142857142857,310,350
0.45,0.2,0.8857142857142857,310,350
0.45,0.21,0.8857142857142857,310,350
0.45,0.22,0.8857142857142857,310,350
0.45,0.23,0.8857142857142857,310,350
0.45,0.24,0.8857142857142857,310,350
0.45,0.25,0.8857142857142857,310,350
0.45,0.26,0.5657142857142857,198,350
0.45,0.27,0.5657142857142857,198,350
0.45,0.28,0.5657142857142857,198,350
0.45,0.29,0.5657142857142857,198,350
0.45,0.3,0.5657142857142857,198,350
0.45,0.31,0.5657142857142857,198,350
0.45,0.32,0.5657142857142857,198,350
0.45,0.33,0.5628571428571428,197,350
0.45,0.34,0.5628571428571428,197,350
0.45,0.35,0.5628571428571428,197,350
0.45,0.36,0.5571428571428572,195,350
0.45,0.37,0.5571428571428572,195,350
0.45,0.38,0.5571428571428572,195,350
0.45,0.39,0.5571428571428572,195,350
0.45,0.4,0.5571428571428572,195,350
0.45,0.41,0.5571428571428572,195,350
0.45,0.42,0.5571428571428572,195,350
0.45,0.43,0.5571428571428572,195,350
0.45,0.44,0.5571428571428572,195,350
0.46,0.1,0.8857142857142857,310,350
0.46,0.11,0.8857142857142857,310,350
0.46,0.12,0.8857142857142857,310,350
0.46,0.13,0.8857142857142857,310,350
0.46,0.14,0.8857142857142857,310,350
0.46,0.15,0.8857142857142857,310,350
0.46,0.16,0.8857142857142857,310,350
0.46,0.17,0.8857142857142857,310,350
0.46,0.18,0.8857142857142857,310,350
0.46,0.19,0.8857142857142857,310,350
0.46,0.2,0.8857142857142857,310,350
0.46,0.21,0.8857142857142857,310,350
0.46,0.22,0.8857142857142857,310,350
0.46,0.23,0.8857142857142857,310,350
0.46,0.24,0.8857142857142857,310,350
0.46,0.25,0.8857142857142857,310,350
0.46,0.26,0.8857142857142857,310,350
0.46,0.27,0.5657142857142857,198,350
0.46,0.28,0.5657142857142857,198,350
0.46,0.29,0.5657142857142857,198,350
0.46,0.3,0.5657142857142857,198,350
0.46,0.31,0.5657142857142857,198,350
0.46,0.32,0.5657142857142857,198,350
0.46,0.33,0.5657142857142857,198,350
0.46,0.34,0.5628571428571428,197,350
0.46,0.35,0.5628571428571428,197,350
0.46,0.36,0.5628571428571428,197,350
0.46,0.37,0.5571428571428572,195,350
0.46,0.38,0.5571428571428572,195,350
0.46,0.39,0.5571428571428572,195,350
0.46,0.4,0.5571428571428572,195,350
0.46,0.41,0.5571428571428572,195,350
0.46,0.42,0.5571428571428572,195,350
0.46,0.43,0.5571428571428572,195,350
0.46,0.44,0.5571428571428572,195,350
0.46,0.45,0.5571428571428572,195,350
0.47,0.1,0.8857142857142857,310,350
0.47,0.11,0.8857142857142857,310,350
0.47,0.12,0.8857142857142857,310,350
0.47,0.13,0.8857142857142857,310,350
0.47,0.14,0.8857142857142857,310,350
0.47,0.15,0.8857142857142857,310,350
0.47,0.16,0.8857142857142857,310,350
0.47,0.17,0.8857142857142857,310,350
0.47,0.18,0.8857142857142857,310,350
0.47,0.19,0.8857142857142857,310,350
0.47,0.2,0.8857142857142857,310,350
0.47,0.21,0.8857142857142857,310,350
0.47,0.22,0.8857142857142857,310,350
0.47,0.23,0.8857142857142857,310,350
0.47,0.24,0.8857142857142857,310,350
0.47,0.25,0.8857142857142857,310,350
0.47,0.26,0.8857142857142857,310,350
0.47,0.27,0.5657142857142857,198,350
0.47,0.28,0.5657142857142857,198,350
0.47,0.29,0.5657142857142857,198,350
0.47,0.3,0.5657142857142857,198,350
0.47,0.31,0.5657142857142857,198,350
0.47,0.32,0.5657142857142857,198,350
0.47,0.33,0.5657142857142857,198,350
0.47,0.34,0.5657142857142857,198,350
0.47,0.35,0.5657142857142857,198,350
0.47,0.36,0.5628571428571428,197,350
0.47,0.37,0.5628571428571428,197,350
0.47,0.38,0.5571428571428572,195,350
0.47,0.39,0.5571428571428572,195,350
0.47,0.4,0.5571428571428572,195,350
0.47,0.41,0.5571428571428572,195,350
0.47,0.42,0.5571428571428572,195,350
0.47,0.43,0.5571428571428572,195,350
0.47,0.44,0.5571428571428572,195,350
0.47,0.45,0.5571428571428572,195,350
0.47,0.46,0.5571428571428572,195,350
0.48,0.1,0.8857142857142857,310,350
0.48,0.11,0.8857142857142857,310,350
0.48,0.12,0.8857142857142857,310,350
0.48,0.13,0.8857142857142857,310,350
0.48,0.14,0.8857142857142857,310,350
0.48,0.15,0.8857142857142857,310,350
0.48,0.16,0.8857142857142857,310,350
0.48,0.17,0.8857142857142857,310,350
0.48,0.18,0.8857142857142857,310,350
0.48,0.19,0.8857142857142857,310,350
0.48,0.2,0.8857142857142857,310,350
0.48,0.21,0.8857142857142857,310,350
0.48,0.22,0.8857142857142857,310,350
0.48,0.23,0.8857142857142857,310,350
0.48,0.24,0.8857142857142857,310,350
0.48,0.25,0.8857142857142857,310,350
0.48,0.26,0.8857142857142857,310,350
0.48,0.27,0.8857142857142857,310,350
0.48,0.28,0.5657142857142857,198,350
0.48,0.29,0.5657142857142857,198,350
0.48,0.3,0.5657142857142857,198,350
0.48,0.31,0.5657142857142857,198,350
0.48,0.32,0.5657142857142857,198,350
0.48,0.33,0.5657142857142857,198,350
0.48,0.34,0.5657142857142857,198,350
0.48,0.35,0.5657142857142857,198,350
0.48,0.36,0.5657142857142857,198,350
0.48,0.37,0.5628571428571428,197,350
0.48,0.38,0.5628571428571428,197,350
0.48,0.39,0.5571428571428572,195,350
0.48,0.4,0.5571428571428572,195,350
0.48,0.41,0.5571428571428572,195,350
0.48,0.42,0.5571428571428572,195,350
0.48,0.43,0.5571428571428572,195,350
0.48,0.44,0.5571428571428572,195,350
0.48,0.45,0.5571428571428572,195,350
0.48,0.46,0.5571428571428572,195,350
0.48,0.47,0.5571428571428572,195,350
0.49,0.1,0.8857142857142857,310,350
0.49,0.11,0.8857142857142857,310,350
0.49,0.12,0.8857142857142857,310,350
0.49,0.13,0.8857142857142857,310,350
0.49,0.14,0.8857142857142857,310,350
0.49,0.15,0.8857142857142857,310,350
0.49,0.16,0.8857142857142857,310,350
0.49,0.17,0.8857142857142857,310,350
0.49,0.18,0.8857142857142857,310,350
0.49,0.19,0.8857142857142857,310,350
0.49,0.2,0.8857142857142857,310,350
0.49,0.21,0.8857142857142857,310,350
0.49,0.22,0.8857142857142857,310,350
0.49,0.23,0.8857142857142857,310,350
0.49,0.24,0.8857142857142857,310,350
0.49,0.25,0.8857142857142857,310,350
0.49,0.26,0.8857142857142857,310,350
0.49,0.27,0.8857142857142857,310,350
0.49,0.28,0.8857142857142857,310,350
0.49,0.29,0.8857142857142857,310,350
0.49,0.3,0.5657142857142857,198,350
0.49,0.31,0.5657142857142857,198,350
0.49,0.32,0.5657142857142857,198,350
0.49,0.33,0.5657142857142857,198,350
0.49,0.34,0.5657142857142857,198,350
0.49,0.35,0.5657142857142857,198,350
0.49,0.36,0.5657142857142857,198,350
0.49,0.37,0.5657142857142857,198,350
0.49,0.38,0.5628571428571428,197,350
0.49,0.39,0.5628571428571428,197,350
0.49,0.4,0.5571428571428572,195,350
0.49,0.41,0.5571428571428572,195,350
0.49,0.42,0.5571428571428572,195,350
0.49,0.43,0.5571428571428572,195,350
0.49,0.44,0.5571428571428572,195,350
0.49,0.45,0.5571428571428572,195,350
0.49,0.46,0.5571428571428572,195,350
0.49,0.47,0.5571428571428572,195,350
0.49,0.48,0.5571428571428572,195,350
0.5,0.1,0.8857142857142857,310,350
0.5,0.11,0.8857142857142857,310,350
0.5,0.12,0.8857142857142857,310,350
0.5,0.13,0.8857142857142857,310,350
0.5,0.14,0.8857142857142857,310,350
0.5,0.15,0.8857142857142857,310,350
0.5,0.16,0.8857142857142857,310,350
0.5,0.17,0.8857142857142857,310,350
0.5,0.18,0.8857142857142857,310,350
0.5,0.19,0.8857142857142857,310,350
0.5,0.2,0.8857142857142857,310,350
0.5,0.21,0.8857142857142857,310,350
0.5,0.22,0.8857142857142857,310,350
0.5,0.23,0.8857142857142857,310,350
0.5,0.24,0.8857142857142857,310,350
0.5,0.25,0.8857142857142857,310,350
0.5,0.26,0.8857142857142857,310,350
0.5,0.27,0.8857142857142857,310,350
0.5,0.28,0.8857142857142857,310,350
0.5,0.29,0.8857142857142857,310,350
0.5,0.3,0.8857142857142857,310,350
0.5,0.31,0.5657142857142857,198,350
0.5,0.32,0.5657142857142857,198,350
0.5,0.33,0.5657142857142857,198,350
0.5,0.34,0.5657142857142857,198,350
0.5,0.35,0.5657142857142857,198,350
0.5,0.36,0.5657142857142857,198,350
0.5,0.37,0.5657142857142857,198,350
0.5,0.38,0.5657142857142857,198,350
0.5,0.39,0.5628571428571428,197,350
0.5,0.4,0.5628571428571428,197,350
0.5,0.41,0.5571428571428572,195,350
0.5,0.42,0.5571428571428572,195,350
0.5,0.43,0.5571428571428572,195,350
0.5,0.44,0.5571428571428572,195,350
0.5,0.45,0.5571428571428572,195,350
0.5,0.46,0.5571428571428572,195,350
0.5,0.47,0.5571428571428572,195,350
0.5,0.48,0.5571428571428572,195,350
0.5,0.49,0.5571428571428572,195,350
0.51,0.1,0.8857142857142857,310,350
0.51,0.11,0.8857142857142857,310,350
0.51,0.12,0.8857142857142857,310,350
0.51,0.13,0.8857142857142857,310,350
0.51,0.14,0.8857142857142857,310,350
0.51,0.15,0.8857142857142857,310,350
0.51,0.16,0.8857142857142857,310,350
0.51,0.17,0.8857142857142857,310,350
0.51,0.18,0.8857142857142857,310,350
0.51,0.19,0.8857142857142857,310,350
0.51,0.2,0.8857142857142857,310,350
0.51,0.21,0.8857142857142857,310,350
0.51,0.22,0.8857142857142857,310,350
0.51,0.23,0.8857142857142857,310,350
0.51,0.24,0.8857142857142857,310,350
0.51,0.25,0.8857142857142857,310,350
0.51,0.26,0.8857142857142857,310,350
0.51,0.27,0.8857142857142857,310,350
0.51,0.28,0.8857142857142857,310,350
0.51,0.29,0.8857142857142857,310,350
0.51,0.3,0.8857142857142857,310,350
0.51,0.31,0.8857142857142857,310,350
0.51,0.32,0.5657142857142857,198,350
0.51,0.33,0.5657142857142857,198,350
0.51,0.34,0.5657142857142857,198,350
0.51,0.35,0.5657142857142857,198,350
0.51,0.36,0.5657142857142857,198,350
0.51,0.37,0.5657142857142857,198,350
0.51,0.38,0.5657142857142857,198,350
0.51,0.39,0.5657142857142857,198,350
0.51,0.4,0.5628571428571428,197,350
0.51,0.41,0.5628571428571428,197,350
0.51,0.42,0.5571428571428572,195,350
0.51,0.43,0.5571428571428572,195,350
0.51,0.44,0.5571428571428572,195,350
0.51,0.45,0.5571428571428572,195,350
0.51,0.46,0.5571428571428572,195,350
0.51,0.47,0.5571428571428572,195,350
0.51,0.48,0.5571428571428572,195,350
0.51,0.49,0.5571428571428572,195,350
0.51,0.5,0.5571428571428572,195,350
0.52,0.1,0.8857142857142857,310,350
0.52,0.11,0.8857142857142857,310,350
0.52,0.12,0.8857142857142857,310,350
0.52,0.13,0.8857142857142857,310,350
0.52,0.14,0.8857142857142857,310,350
0.52,0.15,0.8857142857142857,310,350
0.52,0.16,0.8857142857142857,310,350
0.52,0.17,0.8857142857142857,310,350
0.52,0.18,0.8857142857142857,310,350
0.52,0.19,0.8857142857142857,310,350
0.52,0.2,0.8857142857142857,310,350
0.52,0.21,0.8857142857142857,310,350
0.52,0.22,0.8857142857142857,310,350
0.52,0.23,0.8857142857142857,310,350
0.52,0.24,0.8857142857142857,310,350
0.52,0.25,0.8857142857142857,310,350
0.52,0.26,0.8857142857142857,310,350
0.52,0.27,0.8857142857142857,310,350
0.52,0.28,0.8857142857142857,310,350
0.52,0.29,0.8857142857142857,310,350
0.52,0.3,0.8857142857142857,310,350
0.52,0.31,0.8857142857142857,310,350
0.52,0.32,0.8857142857142857,310,350
0.52,0.33,0.5657142857142857,198,350
0.52,0.34,0.5657142857142857,198,350
0.52,0.35,0.5657142857142857,198,350
0.52,0.36,0.5657142857142857,198,350
0.52,0.37,0.5657142857142857,198,350
0.52,0.38,0.5657142857142857,198,350
0.52,0.39,0.5657142857142857,198,350
0.52,0.4,0.5657142857142857,198,350
0.52,0.41,0.5628571428571428,197,350
0.52,0.42,0.5628571428571428,197,350
0.52,0.43,0.5571428571428572,195,350
0.52,0.44,0.5571428571428572,195,350
0.52,0.45,0.5571428571428572,195,350
0.52,0.46,0.5571428571428572,195,350
0.52,0.47,0.5571428571428572,195,350
0.52,0.48,0.5571428571428572,195,350
0.52,0.49,0.5571428571428572,195,350
0.52,0.5,0.5571428571428572,195,350
0.53,0.1,0.8857142857142857,310,350
0.53,0.11,0.8857142857142857,310,350
0.53,0.12,0.8857142857142857,310,350
0.53,0.13,0.8857142857142857,310,350
0.53,0.14,0.8857142857142857,310,350
0.53,0.15,0.8857142857142857,310,350
0.53,0.16,0.8857142857142857,310,350
0.53,0.17,0.8857142857142857,310,350
0.53,0.18,0.8857142857142857,310,350
0.53,0.19,0.8857142857142857,310,350
0.53,0.2,0.8857142857142857,310,350
0.53,0.21,0.8857142857142857,310,350
0.53,0.22,0.8857142857142857,310,350
0.53,0.23,0.8857142857142857,310,350
0.53,0.24,0.8857142857142857,310,350
0.53,0.25,0.8857142857142857,310,350
0.53,0.26,0.8857142857142857,310,350
0.53,0.27,0.8857142857142857,310,350
0.53,0.28,0.8857142857142857,310,350
0.53,0.29,0.8857142857142857,310,350
0.53,0.3,0.8857142857142857,310,350
0.53,0.31,0.8857142857142857,310,350
0.53,0.32,0.8857142857142857,310,350
0.53,0.33,0.8857142857142857,310,350
0.53,0.34,0.5657142857142857,198,350
0.53,0.35,0.5657142857142857,198,350
0.53,0.36,0.5657142857142857,198,350
0.53,0.37,0.5657142857142857,198,350
0.53,0.38,0.5657142857142857,198,350
0.53,0.39,0.5657142857142857,198,350
0.53,0.4,0.5657142857142857,198,350
0.53,0.41,0.5657142857142857,198,350
0.53,0.42,0.5628571428571428,197,350
0.53,0.43,0.5628571428571428,197,350
0.53,0.44,0.5571428571428572,195,350
0.53,0.45,0.5571428571428572,195,350
0.53,0.46,0.5571428571428572,195,350
0.53,0.47,0.5571428571428572,195,350
0.53,0.48,0.5571428571428572,195,350
0.53,0.49,0.5571428571428572,195,350
0.53,0.5,0.5571428571428572,195,350
0.54,0.1,0.8857142857142857,310,350
0.54,0.11,0.8857142857142857,310,350
0.54,0.12,0.8857142857142857,310,350
0.54,0.13,0.8857142857142857,310,350
0.54,0.14,0.8857142857142857,310,350
0.54,0.15,0.8857142857142857,310,350
0.54,0.16,0.8857142857142857,310,350
0.54,0.17,0.8857142857142857,310,350
0.54,0.18,0.8857142857142857,310,350
0.54,0.19,0.8857142857142857,310,350
0.54,0.2,0.8857142857142857,310,350
0.54,0.21,0.8857142857142857,310,350
0.54,0.22,0.8857142857142857,310,350
0.54,0.23,0.8857142857142857,310,350
0.54,0.24,0.8857142857142857,310,350
0.54,0.25,0.8857142857142857,310,350
0.54,0.26,0.8857142857142857,310,350
0.54,0.27,0.8857142857142857,310,350
0.54,0.28,0.8857142857142857,310,350
0.54,0.29,0.8857142857142857,310,350
0.54,0.3,0.8857142857142857,310,350
0.54,0.31,0.8857142857142857,310,350
0.54,0.32,0.8857142857142857,310,350
0.54,0.33,0.8857142857142857,310,350
0.54,0.34,0.8857142857142857,310,350
0.54,0.35,0.5657142857142857,198,350
0.54,0.36,0.5657142857142857,198,350
0.54,0.37,0.5657142857142857,198,350
0.54,0.38,0.5657142857142857,198,350
0.54,0.39,0.5657142857142857,198,350
0.54,0.4,0.5657142857142857,198,350
0.54,0.41,0.5657142857142857,198,350
0.54,0.42,0.5657142857142857,198,350
0.54,0.43,0.5628571428571428,197,350
0.54,0.44,0.5628571428571428,197,350
0.54,0.45,0.5571428571428572,195,350
0.54,0.46,0.5571428571428572,195,350
0.54,0.47,0.5571428571428572,195,350
0.54,0.48,0.5571428571428572,195,350
0.54,0.49,0.5571428571428572,195,350
0.54,0.5,0.5571428571428572,195,350
0.55,0.1,0.8857142857142857,310,350
0.55,0.11,0.8857142857142857,310,350
0.55,0.12,0.8857142857142857,310,350
0.55,0.13,0.8857142857142857,310,350
0.55,0.14,0.8857142857142857,310,350
0.55,0.15,0.8857142857142857,310,350
0.55,0.16,0.8857142857142857,310,350
0.55,0.17,0.8857142857142857,310,350
0.55,0.18,0.8857142857142857,310,350
0.55,0.19,0.8857142857142857,310,350
0.55,0.2,0.8857142857142857,310,350
0.55,0.21,0.8857142857142857,310,350
0.55,0.22,0.8857142857142857,310,350
0.55,0.23,0.8857142857142857,310,350
0.55,0.24,0.8857142857142857,310,350
0.55,0.25,0.8857142857142857,310,350
0.55,0.26,0.8857142857142857,310,350
0.55,0.27,0.8857142857142857,310,350
0.55,0.28,0.8857142857142857,310,350
0.55,0.29,0.8857142857142857,310,350
0.55,0.3,0.8857142857142857,310,350
0.55,0.31,0.8857142857142857,310,350
0.55,0.32,0.8857142857142857,310,350
0.55,0.33,0.8857142857142857,310,350
0.55,0.34,0.8857142857142857,310,350
0.55,0.35,0.8857142857142857,310,350
0.55,0.36,0.5657142857142857,198,350
0.55,0.37,0.5657142857142857,198,350
0.55,0.38,0.5657142857142857,198,350
0.55,0.39,0.5657142857142857,198,350
0.55,0.4,0.5657142857142857,198,350
0.55,0.41,0.5657142857142857,198,350
0.55,0.42,0.5657142857142857,198,350
0.55,0.43,0.5657142857142857,198,350
0.55,0.44,0.5628571428571428,197,350
0.55,0.45,0.5628571428571428,197,350
0.55,0.46,0.5571428571428572,195,350
0.55,0.47,0.5571428571428572,195,350
0.55,0.48,0.5571428571428572,195,350
0.55,0.49,0.5571428571428572,195,350
0.55,0.5,0.5571428571428572,195,350
0.56,0.1,0.8857142857142857,310,350
0.56,0.11,0.8857142857142857,310,350
0.56,0.12,0.8857142857142857,310,350
0.56,0.13,0.8857142857142857,310,350
0.56,0.14,0.8857142857142857,310,350
0.56,0.15,0.8857142857142857,310,350
0.56,0.16,0.8857142857142857,310,350
0.56,0.17,0.8857142857142857,310,350
0.56,0.18,0.8857142857142857,310,350
0.56,0.19,0.8857142857142857,310,350
0.56,0.2,0.8857142857142857,310,350
0.56,0.21,0.8857142857142857,310,350
0.56,0.22,0.8857142857142857,310,350
0.56,0.23,0.8857142857142857,310,350
0.56,0.24,0.8857142857142857,310,350
0.56,0.25,0.8857142857142857,310,350
0.56,0.26,0.8857142857142857,310,350
0.56,0.27,0.8857142857142857,310,350
0.56,0.28,0.8857142857142857,310,350
0.56,0.29,0.8857142857142857,310,350
0.56,0.3,0.8857142857142857,310,350
0.56,0.31,0.8857142857142857,310,350
0.56,0.32,0.8857142857142857,310,350
0.56,0.33,0.8857142857142857,310,350
0.56,0.34,0.8857142857142857,310,350
0.56,0.35,0.8857142857142857,310,350
0.56,0.36,0.8857142857142857,310,350
0.56,0.37,0.5657142857142857,198,350
0.56,0.38,0.5657142857142857,198,350
0.56,0.39,0.5657142857142857,198,350
0.56,0.4,0.5657142857142857,198,350
0.56,0.41,0.5657142857142857,198,350
0.56,0.42,0.5657142857142857,198,350
0.56,0.43,0.5657142857142857,198,350
0.56,0.44,0.5657142857142857,198,350
0.56,0.45,0.5628571428571428,197,350
0.56,0.46,0.5628571428571428,197,350
0.56,0.47,0.5571428571428572,195,350
0.56,0.48,0.5571428571428572,195,350
0.56,0.49,0.5571428571428572,195,350
0.56,0.5,0.5571428571428572,195,350
0.57,0.1,0.8857142857142857,310,350
0.57,0.11,0.8857142857142857,310,350
0.57,0.12,0.8857142857142857,310,350
0.57,0.13,0.8857142857142857,310,350
0.57,0.14,0.8857142857142857,310,350
0.57,0.15,0.8857142857142857,310,350
0.57,0.16,0.8857142857142857,310,350
0.57,0.17,0.8857142857142857,310,350
0.57,0.18,0.8857142857142857,310,350
0.57,0.19,0.8857142857142857,310,350
0.57,0.2,0.8857142857142857,310,350
0.57,0.21,0.8857142857142857,310,350
0.57,0.22,0.8857142857142857,310,350
0.57,0.23,0.8857142857142857,310,350
0.57,0.24,0.8857142857142857,310,350
0.57,0.25,0.8857142857142857,310,350
0.57,0.26,0.8857142857142857,310,350
0.57,0.27,0.8857142857142857,310,350
0.57,0.28,0.8857142857142857,310,350
0.57,0.29,0.8857142857142857,310,350
0.57,0.3,0.8857142857142857,310,350
0.57,0.31,0.8857142857142857,310,350
0.57,0.32,0.8857142857142857,310,350
0.57,0.33,0.8857142857142857,310,350
0.57,0.34,0.8857142857142857,310,350
0.57,0.35,0.8857142857142857,310,350
0.57,0.36,0.8857142857142857,310,350
0.57,0.37,0.5657142857142857,198,350
0.57,0.38,0.5657142857142857,198,350
0.57,0.39,0.5657142857142857,198,350
0.57,0.4,0.5657142857142857,198,350
0.57,0.41,0.5657142857142857,198,350
0.57,0.42,0.5657142857142857,198,350
0.57,0.43,0.5657142857142857,198,350
0.57,0.44,0.5657142857142857,198,350
0.57,0.45,0.5628571428571428,197,350
0.57,0.46,0.5628571428571428,197,350
0.57,0.47,0.5628571428571428,197,350
0.57,0.48,0.5571428571428572,195,350
0.57,0.49,0.5571428571428572,195,350
0.57,0.5,0.5571428571428572,195,350
0.58,0.1,0.8857142857142857,310,350
0.58,0.11,0.8857142857142857,310,350
0.58,0.12,0.8857142857142857,310,350
0.58,0.13,0.8857142857142857,310,350
0.58,0.14,0.8857142857142857,310,350
0.58,0.15,0.8857142857142857,310,350
0.58,0.16,0.8857142857142857,310,350
0.58,0.17,0.8857142857142857,310,350
0.58,0.18,0.8857142857142857,310,350
0.58,0.19,0.8857142857142857,310,350
0.58,0.2,0.8857142857142857,310,350
0.58,0.21,0.8857142857142857,310,350
0.58,0.22,0.8857142857142857,310,350
0.58,0.23,0.8857142857142857,310,350
0.58,0.24,0.8857142857142857,310,350
0.58,0.25,0.8857142857142857,310,350
0.58,0.26,0.8857142857142857,310,350
0.58,0.27,0.8857142857142857,310,350
0.58,0.28,0.8857142857142857,310,350
0.58,0.29,0.8857142857142857,310,350
0.58,0.3,0.8857142857142857,310,350
0.58,0.31,0.8857142857142857,310,350
0.58,0.32,0.8857142857142857,310,350
0.58,0.33,0.8857142857142857,310,350
0.58,0.34,0.8857142857142857,310,350
0.58,0.35,0.8857142857142857,310,350
0.58,0.36,0.8857142857142857,310,350
0.58,0.37,0.8857142857142857,310,350
0.58,0.38,0.5657142857142857,198,350
0.58,0.39,0.5657142857142857,198,350
0.58,0.4,0.5657142857142857,198,350
0.58,0.41,0.5657142857142857,198,350
0.58,0.42,0.5657142857142857,198,350
0.58,0.43,0.5657142857142857,198,350
0.58,0.44,0.5657142857142857,198,350
0.58,0.45,0.5657142857142857,198,350
0.58,0.46,0.5628571428571428,197,350
0.58,0.47,0.5628571428571428,197,350
0.58,0.48,0.5628571428571428,197,350
0.58,0.49,0.5571428571428572,195,350
0.58,0.5,0.5571428571428572,195,350
0.59,0.1,0.8857142857142857,310,350
0.59,0.11,0.8857142857142857,310,350
0.59,0.12,0.8857142857142857,310,350
0.59,0.13,0.8857142857142857,310,350
0.59,0.14,0.8857142857142857,310,350
0.59,0.15,0.8857142857142857,310,350
0.59,0.16,0.8857142857142857,310,350
0.59,0.17,0.8857142857142857,310,350
0.59,0.18,0.8857142857142857,310,350
0.59,0.19,0.8857142857142857,310,350
0.59,0.2,0.8857142857142857,310,350
0.59,0.21,0.8857142857142857,310,350
0.59,0.22,0.8857142857142857,310,350
0.59,0.23,0.8857142857142857,310,350
0.59,0.24,0.8857142857142857,310,350
0.59,0.25,0.8857142857142857,310,350
0.59,0.26,0.8857142857142857,310,350
0.59,0.27,0.8857142857142857,310,350
0.59,0.28,0.8857142857142857,310,350
0.59,0.29,0.8857142857142857,310,350
0.59,0.3,0.8857142857142857,310,350
0.59,0.31,0.8857142857142857,310,350
0.59,0.32,0.8857142857142857,310,350
0.59,0.33,0.8857142857142857,310,350
0.59,0.34,0.8857142857142857,310,350
0.59,0.35,0.8857142857142857,310,350
0.59,0.36,0.8857142857142857,310,350
0.59,0.37,0.8857142857142857,310,350
0.59,0.38,0.8857142857142857,310,350
0.59,0.39,0.5657142857142857,198,350
0.59,0.4,0.5657142857142857,198,350
0.59,0.41,0.5657142857142857,198,350
0.59,0.42,0.5657142857142857,198,350
0.59,0.43,0.5657142857142857,198,350
0.59,0.44,0.5657142857142857,198,350
0.59,0.45,0.5657142857142857,198,350
0.59,0.46,0.5657142857142857,198,350
0.59,0.47,0.5657142857142857,198,350
0.59,0.48,0.5628571428571428,197,350
0.59,0.49,0.5628571428571428,197,350
0.59,0.5,0.5571428571428572,195,350
0.6,0.1,0.8857142857142857,310,350
0.6,0.11,0.8857142857142857,310,350
0.6,0.12,0.8857142857142857,310,350
0.6,0.13,0.8857142857142857,310,350
0.6,0.14,0.8857142857142857,310,350
0.6,0.15,0.8857142857142857,310,350
0.6,0.16,0.8857142857142857,310,350
0.6,0.17,0.8857142857142857,310,350
0.6,0.18,0.8857142857142857,310,350
0.6,0.19,0.8857142857142857,310,350
0.6,0.2,0.8857142857142857,310,350
0.6,0.21,0.8857142857142857,310,350
0.6,0.22,0.8857142857142857,310,350
0.6,0.23,0.8857142857142857,310,350
0.6,0.24,0.8857142857142857,310,350
0.6,0.25,0.8857142857142857,310,350
0.6,0.26,0.8857142857142857,310,350
0.6,0.27,0.8857142857142857,310,350
0.6,0.28,0.8857142857142857,310,350
0.6,0.29,0.8857142857142857,310,350
0.6,0.3,0.8857142857142857,310,350
0.6,0.31,0.8857142857142857,310,350
0.6,0.32,0.8857142857142857,310,350
0.6,0.33,0.8857142857142857,310,350
0.6,0.34,0.8857142857142857,310,350
0.6,0.35,0.8857142857142857,310,350
0.6,0.36,0.8857142857142857,310,350
0.6,0.37,0.8857142857142857,310,350
0.6,0.38,0.8857142857142857,310,350
0.6,0.39,0.8857142857142857,310,350
0.6,0.4,0.5657142857142857,198,350
0.6,0.41,0.5657142857142857,198,350
0.6,0.42,0.5657142857142857,198,350
0.6,0.43,0.5657142857142857,198,350
0.6,0.44,0.5657142857142857,198,350
0.6,0.45,0.5657142857142857,198,350
0.6,0.46,0.5657142857142857,198,350
0.6,0.47,0.5657142857142857,198,350
0.6,0.48,0.5657142857142857,198,350
0.6,0.49,0.5628571428571428,197,350
0.6,0.5,0.5628571428571428,197,350
0.61,0.1,0.8857142857142857,310,350
0.61,0.11,0.8857142857142857,310,350
0.61,0.12,0.8857142857142857,310,350
0.61,0.13,0.8857142857142857,310,350
0.61,0.14,0.8857142857142857,310,350
0.61,0.15,0.8857142857142857,310,350
0.61,0.16,0.8857142857142857,310,350
0.61,0.17,0.8857142857142857,310,350
0.61,0.18,0.8857142857142857,310,350
0.61,0.19,0.8857142857142857,310,350
0.61,0.2,0.8857142857142857,310,350
0.61,0.21,0.8857142857142857,310,350
0.61,0.22,0.8857142857142857,310,350
0.61,0.23,0.8857142857142857,310,350
0.61,0.24,0.8857142857142857,310,350
0.61,0.25,0.8857142857142857,310,350
0.61,0.26,0.8857142857142857,310,350
0.61,0.27,0.8857142857142857,310,350
0.61,0.28,0.8857142857142857,310,350
0.61,0.29,0.8857142857142857,310,350
0.61,0.3,0.8857142857142857,310,350
0.61,0.31,0.8857142857142857,310,350
0.61,0.32,0.8857142857142857,310,350
0.61,0.33,0.8857142857142857,310,350
0.61,0.34,0.8857142857142857,310,350
0.61,0.35,0.8857142857142857,310,350
0.61,0.36,0.8857142857142857,310,350
0.61,0.37,0.8857142857142857,310,350
0.61,0.38,0.8857142857142857,310,350
0.61,0.39,0.8857142857142857,310,350
0.61,0.4,0.8857142857142857,310,350
0.61,0.41,0.8857142857142857,310,350
0.61,0.42,0.5657142857142857,198,350
0.61,0.43,0.5657142857142857,198,350
0.61,0.44,0.5657142857142857,198,350
0.61,0.45,0.5657142857142857,198,350
0.61,0.46,0.5657142857142857,198,350
0.61,0.47,0.5657142857142857,198,350
0.61,0.48,0.5657142857142857,198,350
0.61,0.49,0.5657142857142857,198,350
0.61,0.5,0.5628571428571428,197,350
0.62,0.1,0.8857142857142857,310,350
0.62,0.11,0.8857142857142857,310,350
0.62,0.12,0.8857142857142857,310,350
0.62,0.13,0.8857142857142857,310,350
0.62,0.14,0.8857142857142857,310,350
0.62,0.15,0.8857142857142857,310,350
0.62,0.16,0.8857142857142857,310,350
0.62,0.17,0.8857142857142857,310,350
0.62,0.18,0.8857142857142857,310,350
0.62,0.19,0.8857142857142857,310,350
0.62,0.2,0.8857142857142857,310,350
0.62,0.21,0.8857142857142857,310,350
0.62,0.22,0.8857142857142857,310,350
0.62,0.23,0.8857142857142857,310,350
0.62,0.24,0.8857142857142857,310,350
0.62,0.25,0.8857142857142857,310,350
0.62,0.26,0.8857142857142857,310,350
0.62,0.27,0.8857142857142857,310,350
0.62,0.28,0.8857142857142857,310,350
0.62,0.29,0.8857142857142857,310,350
0.62,0.3,0.8857142857142857,310,350
0.62,0.31,0.8857142857142857,310,350
0.62,0.32,0.8857142857142857,310,350
0.62,0.33,0.8857142857142857,310,350
0.62,0.34,0.8857142857142857,310,350
0.62,0.35,0.8857142857142857,310,350
0.62,0.36,0.8857142857142857,310,350
0.62,0.37,0.8857142857142857,310,350
0.62,0.38,0.8857142857142857,310,350
0.62,0.39,0.8857142857142857,310,350
0.62,0.4,0.8857142857142857,310,350
0.62,0.41,0.8857142857142857,310,350
0.62,0.42,0.8857142857142857,310,350
0.62,0.43,0.5657142857142857,198,350
0.62,0.44,0.5657142857142857,198,350
0.62,0.45,0.5657142857142857,198,350
0.62,0.46,0.5657142857142857,198,350
0.62,0.47,0.5657142857142857,198,350
0.62,0.48,0.5657142857142857,198,350
0.62,0.49,0.5657142857142857,198,350
0.62,0.5,0.5657142857142857,198,350
0.63,0.1,0.8857142857142857,310,350
0.63,0.11,0.8857142857142857,310,350
0.63,0.12,0.8857142857142857,310,350
0.63,0.13,0.8857142857142857,310,350
0.63,0.14,0.8857142857142857,310,350
0.63,0.15,0.8857142857142857,310,350
0.63,0.16,0.8857142857142857,310,350
0.63,0.17,0.8857142857142857,310,350
0.63,0.18,0.8857142857142857,310,350
0.63,0.19,0.8857142857142857,310,350
0.63,0.2,0.8857142857142857,310,350
0.63,0.21,0.8857142857142857,310,350
0.63,0.22,0.8857142857142857,310,350
0.63,0.23,0.8857142857142857,310,350
0.63,0.24,0.8857142857142857,310,350
0.63,0.25,0.8857142857142857,310,350
0.63,0.26,0.8857142857142857,310,350
0.63,0.27,0.8857142857142857,310,350
0.63,0.28,0.8857142857142857,310,350
0.63,0.29,0.8857142857142857,310,350
0.63,0.3,0.8857142857142857,310,350
0.63,0.31,0.8857142857142857,310,350
0.63,0.32,0.8857142857142857,310,350
0.63,0.33,0.8857142857142857,310,350
0.63,0.34,0.8857142857142857,310,350
0.63,0.35,0.8857142857142857,310,350
0.63,0.36,0.8857142857142857,310,350
0.63,0.37,0.8857142857142857,310,350
0.63,0.38,0.8857142857142857,310,350
0.63,0.39,0.8857142857142857,310,350
0.63,0.4,0.8857142857142857,310,350
0.63,0.41,0.8857142857142857,310,350
0.63,0.42,0.8857142857142857,310,350
0.63,0.43,0.8857142857142857,310,350
0.63,0.44,0.5657142857142857,198,350
0.63,0.45,0.5657142857142857,198,350
0.63,0.46,0.5657142857142857,198,350
0.63,0.47,0.5657142857142857,198,350
0.63,0.48,0.5657142857142857,198,350
0.63,0.49,0.5657142857142857,198,350
0.63,0.5,0.5657142857142857,198,350
0.64,0.1,0.8857142857142857,310,350
0.64,0.11,0.8857142857142857,310,350
0.64,0.12,0.8857142857142857,310,350
0.64,0.13,0.8857142857142857,310,350
0.64,0.14,0.8857142857142857,310,350
0.64,0.15,0.8857142857142857,310,350
0.64,0.16,0.8857142857142857,310,350
0.64,0.17,0.8857142857142857,310,350
0.64,0.18,0.8857142857142857,310,350
0.64,0.19,0.8857142857142857,310,350
0.64,0.2,0.8857142857142857,310,350
0.64,0.21,0.8857142857142857,310,350
0.64,0.22,0.8857142857142857,310,350
0.64,0.23,0.8857142857142857,310,350
0.64,0.24,0.8857142857142857,310,350
0.64,0.25,0.8857142857142857,310,350
0.64,0.26,0.8857142857142857,310,350
0.64,0.27,0.8857142857142857,310,350
0.64,0.28,0.8857142857142857,310,350
0.64,0.29,0.8857142857142857,310,350
0.64,0.3,0.8857142857142857,310,350
0.64,0.31,0.8857142857142857,310,350
0.64,0.32,0.8857142857142857,310,350
0.64,0.33,0.8857142857142857,310,350
0.64,0.34,0.8857142857142857,310,350
0.64,0.35,0.8857142857142857,310,350
0.64,0.36,0.8857142857142857,310,350
0.64,0.37,0.8857142857142857,310,350
0.64,0.38,0.8857142857142857,310,350
0.64,0.39,0.8857142857142857,310,350
0.64,0.4,0.8857142857142857,310,350
0.64,0.41,0.8857142857142857,310,350
0.64,0.42,0.8857142857142857,310,350
0.64,0.43,0.8857142857142857,310,350
0.64,0.44,0.8857142857142857,310,350
0.64,0.45,0.5657142857142857,198,350
0.64,0.46,0.5657142857142857,198,350
0.64,0.47,0.5657142857142857,198,350
0.64,0.48,0.5657142857142857,198,350
0.64,0.49,0.5657142857142857,198,350
0.64,0.5,0.5657142857142857,198,350
0.65,0.1,0.8857142857142857,310,350
0.65,0.11,0.8857142857142857,310,350
0.65,0.12,0.8857142857142857,310,350
0.65,0.13,0.8857142857142857,310,350
0.65,0.14,0.8857142857142857,310,350
0.65,0.15,0.8857142857142857,310,350
0.65,0.16,0.8857142857142857,310,350
0.65,0.17,0.8857142857142857,310,350
0.65,0.18,0.8857142857142857,310,350
0.65,0.19,0.8857142857142857,310,350
0.65,0.2,0.8857142857142857,310,350
0.65,0.21,0.8857142857142857,310,350
0.65,0.22,0.8857142857142857,310,350
0.65,0.23,0.8857142857142857,310,350
0.65,0.24,0.8857142857142857,310,350
0.65,0.25,0.8857142857142857,310,350
0.65,0.26,0.8857142857142857,310,350
0.65,0.27,0.8857142857142857,310,350
0.65,0.28,0.8857142857142857,310,350
0.65,0.29,0.8857142857142857,310,350
0.65,0.3,0.8857142857142857,310,350
0.65,0.31,0.8857142857142857,310,350
0.65,0.32,0.8857142857142857,310,350
0.65,0.33,0.8857142857142857,310,350
0.65,0.34,0.8857142857142857,310,350
0.65,0.35,0.8857142857142857,310,350
0.65,0.36,0.8857142857142857,310,350
0.65,0.37,0.8857142857142857,310,350
0.65,0.38,0.8857142857142857,310,350
0.65,0.39,0.8857142857142857,310,350
0.65,0.4,0.8857142857142857,310,350
0.65,0.41,0.8857142857142857,310,350
0.65,0.42,0.8857142857142857,310,350
0.65,0.43,0.8857142857142857,310,350
0.65,0.44,0.8857142857142857,310,350
0.65,0.45,0.8857142857142857,310,350
0.65,0.46,0.5657142857142857,198,350
0.65,0.47,0.5657142857142857,198,350
0.65,0.48,0.5657142857142857,198,350
0.65,0.49,0.5657142857142857,198,350
0.65,0.5,0.5657142857142857,198,350
0.66,0.1,0.8857142857142857,310,350
0.66,0.11,0.8857142857142857,310,350
0.66,0.12,0.8857142857142857,310,350
0.66,0.13,0.8857142857142857,310,350
0.66,0.14,0.8857142857142857,310,350
0.66,0.15,0.8857142857142857,310,350
0.66,0.16,0.8857142857142857,310,350
0.66,0.17,0.8857142857142857,310,350
0.66,0.18,0.8857142857142857,310,350
0.66,0.19,0.8857142857142857,310,350
0.66,0.2,0.8857142857142857,310,350
0.66,0.21,0.8857142857142857,310,350
0.66,0.22,0.8857142857142857,310,350
0.66,0.23,0.8857142857142857,310,350
0.66,0.24,0.8857142857142857,310,350
0.66,0.25,0.8857142857142857,310,350
0.66,0.26,0.8857142857142857,310,350
0.66,0.27,0.8857142857142857,310,350
0.66,0.28,0.8857142857142857,310,350
0.66,0.29,0.8857142857142857,310,350
0.66,0.3,0.8857142857142857,310,350
0.66,0.31,0.8857142857142857,310,350
0.66,0.32,0.8857142857142857,310,350
0.66,0.33,0.8857142857142857,310,350
0.66,0.34,0.8857142857142857,310,350
0.66,0.35,0.8857142857142857,310,350
0.66,0.36,0.8857142857142857,310,350
0.66,0.37,0.8857142857142857,310,350
0.66,0.38,0.8857142857142857,310,350
0.66,0.39,0.8857142857142857,310,350
0.66,0.4,0.8857142857142857,310,350
0.66,0.41,0.8857142857142857,310,350
0.66,0.42,0.8857142857142857,310,350
0.66,0.43,0.8857142857142857,310,350
0.66,0.44,0.8857142857142857,310,350
0.66,0.45,0.8857142857142857,310,350
0.66,0.46,0.8857142857142857,310,350
0.66,0.47,0.5657142857142857,198,350
0.66,0.48,0.5657142857142857,198,350
0.66,0.49,0.5657142857142857,198,350
0.66,0.5,0.5657142857142857,198,350
0.67,0.1,0.8857142857142857,310,350
0.67,0.11,0.8857142857142857,310,350
0.67,0.12,0.8857142857142857,310,350
0.67,0.13,0.8857142857142857,310,350
0.67,0.14,0.8857142857142857,310,350
0.67,0.15,0.8857142857142857,310,350
0.67,0.16,0.8857142857142857,310,350
0.67,0.17,0.8857142857142857,310,350
0.67,0.18,0.8857142857142857,310,350
0.67,0.19,0.8857142857142857,310,350
0.67,0.2,0.8857142857142857,310,350
0.67,0.21,0.8857142857142857,310,350
0.67,0.22,0.8857142857142857,310,350
0.67,0.23,0.8857142857142857,310,350
0.67,0.24,0.8857142857142857,310,350
0.67,0.25,0.8857142857142857,310,350
0.67,0.26,0.8857142857142857,310,350
0.67,0.27,0.8857142857142857,310,350
0.67,0.28,0.8857142857142857,310,350
0.67,0.29,0.8857142857142857,310,350
0.67,0.3,0.8857142857142857,310,350
0.67,0.31,0.8857142857142857,310,350
0.67,0.32,0.8857142857142857,310,350
0.67,0.33,0.8857142857142857,310,350
0.67,0.34,0.8857142857142857,310,350
0.67,0.35,0.8857142857142857,310,350
0.67,0.36,0.8857142857142857,310,350
0.67,0.37,0.8857142857142857,310,350
0.67,0.38,0.8857142857142857,310,350
0.67,0.39,0.8857142857142857,310,350
0.67,0.4,0.8857142857142857,310,350
0.67,0.41,0.8857142857142857,310,350
0.67,0.42,0.8857142857142857,310,350
0.67,0.43,0.8857142857142857,310,350
0.67,0.44,0.8857142857142857,310,350
0.67,0.45,0.8857142857142857,310,350
0.67,0.46,0.8857142857142857,310,350
0.67,0.47,0.8857142857142857,310,350
0.67,0.48,0.5657142857142857,198,350
0.67,0.49,0.5657142857142857,198,350
0.67,0.5,0.5657142857142857,198,350
0.68,0.1,0.8857142857142857,310,350
0.68,0.11,0.8857142857142857,310,350
0.68,0.12,0.8857142857142857,310,350
0.68,0.13,0.8857142857142857,310,350
0.68,0.14,0.8857142857142857,310,350
0.68,0.15,0.8857142857142857,310,350
0.68,0.16,0.8857142857142857,310,350
0.68,0.17,0.8857142857142857,310,350
0.68,0.18,0.8857142857142857,310,350
0.68,0.19,0.8857142857142857,310,350
0.68,0.2,0.8857142857142857,310,350
0.68,0.21,0.8857142857142857,310,350
0.68,0.22,0.8857142857142857,310,350
0.68,0.23,0.8857142857142857,310,350
0.68,0.24,0.8857142857142857,310,350
0.68,0.25,0.8857142857142857,310,350
0.68,0.26,0.8857142857142857,310,350
0.68,0.27,0.8857142857142857,310,350
0.68,0.28,0.8857142857142857,310,350
0.68,0.29,0.8857142857142857,310,350
0.68,0.3,0.8857142857142857,310,350
0.68,0.31,0.8857142857142857,310,350
0.68,0.32,0.8857142857142857,310,350
0.68,0.33,0.8857142857142857,310,350
0.68,0.34,0.8857142857142857,310,350
0.68,0.35,0.8857142857142857,310,350
0.68,0.36,0.8857142857142857,310,350
0.68,0.37,0.8857142857142857,310,350
0.68,0.38,0.8857142857142857,310,350
0.68,0.39,0.8857142857142857,310,350
0.68,0.4,0.8857142857142857,310,350
0.68,0.41,0.8857142857142857,310,350
0.68,0.42,0.8857142857142857,310,350
0.68,0.43,0.8857142857142857,310,350
0.68,0.44,0.8857142857142857,310,350
0.68,0.45,0.8857142857142857,310,350
0.68,0.46,0.8857142857142857,310,350
0.68,0.47,0.8857142857142857,310,350
0.68,0.48,0.8857142857142857,310,350
0.68,0.49,0.5657142857142857,198,350
0.68,0.5,0.5657142857142857,198,350
0.69,0.1,0.8857142857142857,310,350
0.69,0.11,0.8857142857142857,310,350
0.69,0.12,0.8857142857142857,310,350
0.69,0.13,0.8857142857142857,310,350
0.69,0.14,0.8857142857142857,310,350
0.69,0.15,0.8857142857142857,310,350
0.69,0.16,0.8857142857142857,310,350
0.69,0.17,0.8857142857142857,310,350
0.69,0.18,0.8857142857142857,310,350
0.69,0.19,0.8857142857142857,310,350
0.69,0.2,0.8857142857142857,310,350
0.69,0.21,0.8857142857142857,310,350
0.69,0.22,0.8857142857142857,310,350
0.69,0.23,0.8857142857142857,310,350
0.69,0.24,0.8857142857142857,310,350
0.69,0.25,0.8857142857142857,310,350
0.69,0.26,0.8857142857142857,310,350
0.69,0.27,0.8857142857142857,310,350
0.69,0.28,0.8857142857142857,310,350
0.69,0.29,0.8857142857142857,310,350
0.69,0.3,0.8857142857142857,310,350
0.69,0.31,0.8857142857142857,310,350
0.69,0.32,0.8857142857142857,310,350
0.69,0.33,0.8857142857142857,310,350
0.69,0.34,0.8857142857142857,310,350
0.69,0.35,0.8857142857142857,310,350
0.69,0.36,0.8857142857142857,310,350
0.69,0.37,0.8857142857142857,310,350
0.69,0.38,0.8857142857142857,310,350
0.69,0.39,0.8857142857142857,310,350
0.69,0.4,0.8857142857142857,310,350
0.69,0.41,0.8857142857142857,310,350
0.69,0.42,0.8857142857142857,310,350
0.69,0.43,0.8857142857142857,310,350
0.69,0.44,0.8857142857142857,310,350
0.69,0.45,0.8857142857142857,310,350
0.69,0.46,0.8857142857142857,310,350
0.69,0.47,0.8857142857142857,310,350
0.69,0.48,0.8857142857142857,310,350
0.69,0.49,0.5657142857142857,198,350
0.69,0.5,0.5657142857142857,198,350
0.7,0.1,0.8857142857142857,310,350
0.7,0.11,0.8857142857142857,310,350
0.7,0.12,0.8857142857142857,310,350
0.7,0.13,0.8857142857142857,310,350
0.7,0.14,0.8857142857142857,310,350
0.7,0.15,0.8857142857142857,310,350
0.7,0.16,0.8857142857142857,310,350
0.7,0.17,0.8857142857142857,310,350
0.7,0.18,0.8857142857142857,310,350
0.7,0.19,0.8857142857142857,310,350
0.7,0.2,0.8857142857142857,310,350
0.7,0.21,0.8857142857142857,310,350
0.7,0.22,0.8857142857142857,310,350
0.7,0.23,0.8857142857142857,310,350
0.7,0.24,0.8857142857142857,310,350
0.7,0.25,0.8857142857142857,310,350
0.7,0.26,0.8857142857142857,310,350
0.7,0.27,0.8857142857142857,310,350
0.7,0.28,0.8857142857142857,310,350
0.7,0.29,0.8857142857142857,310,350
0.7,0.3,0.8857142857142857,310,350
0.7,0.31,0.8857142857142857,310,350
0.7,0.32,0.8857142857142857,310,350
0.7,0.33,0.8857142857142857,310,350
0.7,0.34,0.8857142857142857,310,350
0.7,0.35,0.8857142857142857,310,350
0.7,0.36,0.8857142857142857,310,350
0.7,0.37,0.8857142857142857,310,350
0.7,0.38,0.8857142857142857,310,350
0.7,0.39,0.8857142857142857,310,350
0.7,0.4,0.8857142857142857,310,350
0.7,0.41,0.8857142857142857,310,350
0.7,0.42,0.8857142857142857,310,350
0.7,0.43,0.8857142857142857,310,350
0.7,0.44,0.8857142857142857,310,350
0.7,0.45,0.8857142857142857,310,350
0.7,0.46,0.8857142857142857,310,350
0.7,0.47,0.8857142857142857,310,350
0.7,0.48,0.8857142857142857,310,350
0.7,0.49,0.8857142857142857,310,350
0.7,0.5,0.5657142857142857,198,350
0.71,0.1,0.8857142857142857,310,350
0.71,0.11,0.8857142857142857,310,350
0.71,0.12,0.8857142857142857,310,350
0.71,0.13,0.8857142857142857,310,350
0.71,0.14,0.8857142857142857,310,350
0.71,0.15,0.8857142857142857,310,350
0.71,0.16,0.8857142857142857,310,350
0.71,0.17,0.8857142857142857,310,350
0.71,0.18,0.8857142857142857,310,350
0.71,0.19,0.8857142857142857,310,350
0.71,0.2,0.8857142857142857,310,350
0.71,0.21,0.8857142857142857,310,350
0.71,0.22,0.8857142857142857,310,350
0.71,0.23,0.8857142857142857,310,350
0.71,0.24,0.8857142857142857,310,350
0.71,0.25,0.8857142857142857,310,350
0.71,0.26,0.8857142857142857,310,350
0.71,0.27,0.8857142857142857,310,350
0.71,0.28,0.8857142857142857,310,350
0.71,0.29,0.8857142857142857,310,350
0.71,0.3,0.8857142857142857,310,350
0.71,0.31,0.8857142857142857,310,350
0.71,0.32,0.8857142857142857,310,350
0.71,0.33,0.8857142857142857,310,350
0.71,0.34,0.8857142857142857,310,350
0.71,0.35,0.8857142857142857,310,350
0.71,0.36,0.8857142857142857,310,350
0.71,0.37,0.8857142857142857,310,350
0.71,0.38,0.8857142857142857,310,350
0.71,0.39,0.8857142857142857,310,350
0.71,0.4,0.8857142857142857,310,350
0.71,0.41,0.8857142857142857,310,350
0.71,0.42,0.8857142857142857,310,350
0.71,0.43,0.8857142857142857,310,350
0.71,0.44,0.8857142857142857,310,350
0.71,0.45,0.8857142857142857,310,350
0.71,0.46,0.8857142857142857,310,350
0.71,0.47,0.8857142857142857,310,350
0.71,0.48,0.8857142857142857,310,350
0.71,0.49,0.8857142857142857,310,350
0.71,0.5,0.8857142857142857,310,350
0.72,0.1,0.8857142857142857,310,350
0.72,0.11,0.8857142857142857,310,350
0.72,0.12,0.8857142857142857,310,350
0.72,0.13,0.8857142857142857,310,350
0.72,0.14,0.8857142857142857,310,350
0.72,0.15,0.8857142857142857,310,350
0.72,0.16,0.8857142857142857,310,350
0.72,0.17,0.8857142857142857,310,350
0.72,0.18,0.8857142857142857,310,350
0.72,0.19,0.8857142857142857,310,350
0.72,0.2,0.8857142857142857,310,350
0.72,0.21,0.8857142857142857,310,350
0.72,0.22,0.8857142857142857,310,350
0.72,0.23,0.8857142857142857,310,350
0.72,0.24,0.8857142857142857,310,350
0.72,0.25,0.8857142857142857,310,350
0.72,0.26,0.8857142857142857,310,350
0.72,0.27,0.8857142857142857,310,350
0.72,0.28,0.8857142857142857,310,350
0.72,0.29,0.8857142857142857,310,350
0.72,0.3,0.8857142857142857,310,350
0.72,0.31,0.8857142857142857,310,350
0.72,0.32,0.8857142857142857,310,350
0.72,0.33,0.8857142857142857,310,350
0.72,0.34,0.8857142857142857,310,350
0.72,0.35,0.8857142857142857,310,350
0.72,0.36,0.8857142857142857,310,350
0.72,0.37,0.8857142857142857,310,350
0.72,0.38,0.8857142857142857,310,350
0.72,0.39,0.8857142857142857,310,350
0.72,0.4,0.8857142857142857,310,350
0.72,0.41,0.8857142857142857,310,350
0.72,0.42,0.8857142857142857,310,350
0.72,0.43,0.8857142857142857,310,350
0.72,0.44,0.8857142857142857,310,350
0.72,0.45,0.8857142857142857,310,350
0.72,0.46,0.8857142857142857,310,350
0.72,0.47,0.8857142857142857,310,350
0.72,0.48,0.8857142857142857,310,350
0.72,0.49,0.8857142857142857,310,350
0.72,0.5,0.8857142857142857,310,350
0.73,0.1,0.8857142857142857,310,350
0.73,0.11,0.8857142857142857,310,350
0.73,0.12,0.8857142857142857,310,350
0.73,0.13,0.8857142857142857,310,350
0.73,0.14,0.8857142857142857,310,350
0.73,0.15,0.8857142857142857,310,350
0.73,0.16,0.8857142857142857,310,350
0.73,0.17,0.8857142857142857,310,350
0.73,0.18,0.8857142857142857,310,350
0.73,0.19,0.8857142857142857,310,350
0.73,0.2,0.8857142857142857,310,350
0.73,0.21,0.8857142857142857,310,350
0.73,0.22,0.8857142857142857,310,350
0.73,0.23,0.8857142857142857,310,350
0.73,0.24,0.8857142857142857,310,350
0.73,0.25,0.8857142857142857,310,350
0.73,0.26,0.8857142857142857,310,350
0.73,0.27,0.8857142857142857,310,350
0.73,0.28,0.8857142857142857,310,350
0.73,0.29,0.8857142857142857,310,350
0.73,0.3,0.8857142857142857,310,350
0.73,0.31,0.8857142857142857,310,350
0.73,0.32,0.8857142857142857,310,350
0.73,0.33,0.8857142857142857,310,350
0.73,0.34,0.8857142857142857,310,350
0.73,0.35,0.8857142857142857,310,350
0.73,0.36,0.8857142857142857,310,350
0.73,0.37,0.8857142857142857,310,350
0.73,0.38,0.8857142857142857,310,350
0.73,0.39,0.8857142857142857,310,350
0.73,0.4,0.8857142857142857,310,350
0.73,0.41,0.8857142857142857,310,350
0.73,0.42,0.8857142857142857,310,350
0.73,0.43,0.8857142857142857,310,350
0.73,0.44,0.8857142857142857,310,350
0.73,0.45,0.8857142857142857,310,350
0.73,0.46,0.8857142857142857,310,350
0.73,0.47,0.8857142857142857,310,350
0.73,0.48,0.8857142857142857,310,350
0.73,0.49,0.8857142857142857,310,350
0.73,0.5,0.8857142857142857,310,350
0.74,0.1,0.8857142857142857,310,350
0.74,0.11,0.8857142857142857,310,350
0.74,0.12,0.8857142857142857,310,350
0.74,0.13,0.8857142857142857,310,350
0.74,0.14,0.8857142857142857,310,350
0.74,0.15,0.8857142857142857,310,350
0.74,0.16,0.8857142857142857,310,350
0.74,0.17,0.8857142857142857,310,350
0.74,0.18,0.8857142857142857,310,350
0.74,0.19,0.8857142857142857,310,350
0.74,0.2,0.8857142857142857,310,350
0.74,0.21,0.8857142857142857,310,350
0.74,0.22,0.8857142857142857,310,350
0.74,0.23,0.8857142857142857,310,350
0.74,0.24,0.8857142857142857,310,350
0.74,0.25,0.8857142857142857,310,350
0.74,0.26,0.8857142857142857,310,350
0.74,0.27,0.8857142857142857,310,350
0.74,0.28,0.8857142857142857,310,350
0.74,0.29,0.8857142857142857,310,350
0.74,0.3,0.8857142857142857,310,350
0.74,0.31,0.8857142857142857,310,350
0.74,0.32,0.8857142857142857,310,350
0.74,0.33,0.8857142857142857,310,350
0.74,0.34,0.8857142857142857,310,350
0.74,0.35,0.8857142857142857,310,350
0.74,0.36,0.8857142857142857,310,350
0.74,0.37,0.8857142857142857,310,350
0.74,0.38,0.8857142857142857,310,350
0.74,0.39,0.8857142857142857,310,350
0.74,0.4,0.8857142857142857,310,350
0.74,0.41,0.8857142857142857,310,350
0.74,0.42,0.8857142857142857,310,350
0.74,0.43,0.8857142857142857,310,350
0.74,0.44,0.8857142857142857,310,350
0.74,0.45,0.8857142857142857,310,350
0.74,0.46,0.8857142857142857,310,350
0.74,0.47,0.8857142857142857,310,350
0.74,0.48,0.8857142857142857,310,350
0.74,0.49,0.8857142857142857,310,350
0.74,0.5,0.8857142857142857,310,350
0.75,0.1,0.8857142857142857,310,350
0.75,0.11,0.8857142857142857,310,350
0.75,0.12,0.8857142857142857,310,350
0.75,0.13,0.8857142857142857,310,350
0.75,0.14,0.8857142857142857,310,350
0.75,0.15,0.8857142857142857,310,350
0.75,0.16,0.8857142857142857,310,350
0.75,0.17,0.8857142857142857,310,350
0.75,0.18,0.8857142857142857,310,350
0.75,0.19,0.8857142857142857,310,350
0.75,0.2,0.8857142857142857,310,350
0.75,0.21,0.8857142857142857,310,350
0.75,0.22,0.8857142857142857,310,350
0.75,0.23,0.8857142857142857,310,350
0.75,0.24,0.8857142857142857,310,350
0.75,0.25,0.8857142857142857,310,350
0.75,0.26,0.8857142857142857,310,350
0.75,0.27,0.8857142857142857,310,350
0.75,0.28,0.8857142857142857,310,350
0.75,0.29,0.8857142857142857,310,350
0.75,0.3,0.8857142857142857,310,350
0.75,0.31,0.8857142857142857,310,350
0.75,0.32,0.8857142857142857,310,350
0.75,0.33,0.8857142857142857,310,350
0.75,0.34,0.8857142857142857,310,350
0.75,0.35,0.8857142857142857,310,350
0.75,0.36,0.8857142857142857,310,350
0.75,0.37,0.8857142857142857,310,350
0.75,0.38,0.8857142857142857,310,350
0.75,0.39,0.8857142857142857,310,350
0.75,0.4,0.8857142857142857,310,350
0.75,0.41,0.8857142857142857,310,350
0.75,0.42,0.8857142857142857,310,350
0.75,0.43,0.8857142857142857,310,350
0.75,0.44,0.8857142857142857,310,350
0.75,0.45,0.8857142857142857,310,350
0.75,0.46,0.8857142857142857,310,350
0.75,0.47,0.8857142857142857,310,350
0.75,0.48,0.8857142857142857,310,350
0.75,0.49,0.8857142857142857,310,350
0.75,0.5,0.8857142857142857,310,350
0.76,0.1,0.8857142857142857,310,350
0.76,0.11,0.8857142857142857,310,350
0.76,0.12,0.8857142857142857,310,350
0.76,0.13,0.8857142857142857,310,350
0.76,0.14,0.8857142857142857,310,350
0.76,0.15,0.8857142857142857,310,350
0.76,0.16,0.8857142857142857,310,350
0.76,0.17,0.8857142857142857,310,350
0.76,0.18,0.8857142857142857,310,350
0.76,0.19,0.8857142857142857,310,350
0.76,0.2,0.8857142857142857,310,350
0.76,0.21,0.8857142857142857,310,350
0.76,0.22,0.8857142857142857,310,350
0.76,0.23,0.8857142857142857,310,350
0.76,0.24,0.8857142857142857,310,350
0.76,0.25,0.8857142857142857,310,350
0.76,0.26,0.8857142857142857,310,350
0.76,0.27,0.8857142857142857,310,350
0.76,0.28,0.8857142857142857,310,350
0.76,0.29,0.8857142857142857,310,350
0.76,0.3,0.8857142857142857,310,350
0.76,0.31,0.8857142857142857,310,350
0.76,0.32,0.8857142857142857,310,350
0.76,0.33,0.8857142857142857,310,350
0.76,0.34,0.8857142857142857,310,350
0.76,0.35,0.8857142857142857,310,350
0.76,0.36,0.8857142857142857,310,350
0.76,0.37,0.8857142857142857,310,350
0.76,0.38,0.8857142857142857,310,350
0.76,0.39,0.8857142857142857,310,350
0.76,0.4,0.8857142857142857,310,350
0.76,0.41,0.8857142857142857,310,350
0.76,0.42,0.8857142857142857,310,350
0.76,0.43,0.8857142857142857,310,350
0.76,0.44,0.8857142857142857,310,350
0.76,0.45,0.8857142857142857,310,350
0.76,0.46,0.8857142857142857,310,350
0.76,0.47,0.8857142857142857,310,350
0.76,0.48,0.8857142857142857,310,350
0.76,0.49,0.8857142857142857,310,350
0.76,0.5,0.8857142857142857,310,350
0.77,0.1,0.8857142857142857,310,350
0.77,0.11,0.8857142857142857,310,350
0.77,0.12,0.8857142857142857,310,350
0.77,0.13,0.8857142857142857,310,350
0.77,0.14,0.8857142857142857,310,350
0.77,0.15,0.8857142857142857,310,350
0.77,0.16,0.8857142857142857,310,350
0.77,0.17,0.8857142857142857,310,350
0.77,0.18,0.8857142857142857,310,350
0.77,0.19,0.8857142857142857,310,350
0.77,0.2,0.8857142857142857,310,350
0.77,0.21,0.8857142857142857,310,350
0.77,0.22,0.8857142857142857,310,350
0.77,0.23,0.8857142857142857,310,350
0.77,0.24,0.8857142857142857,310,350
0.77,0.25,0.8857142857142857,310,350
0.77,0.26,0.8857142857142857,310,350
0.77,0.27,0.8857142857142857,310,350
0.77,0.28,0.8857142857142857,310,350
0.77,0.29,0.8857142857142857,310,350
0.77,0.3,0.8857142857142857,310,350
0.77,0.31,0.8857142857142857,310,350
0.77,0.32,0.8857142857142857,310,350
0.77,0.33,0.8857142857142857,310,350
0.77,0.34,0.8857142857142857,310,350
0.77,0.35,0.8857142857142857,310,350
0.77,0.36,0.8857142857142857,310,350
0.77,0.37,0.8857142857142857,310,350
0.77,0.38,0.8857142857142857,310,350
0.77,0.39,0.8857142857142857,310,350
0.77,0.4,0.8857142857142857,310,350
0.77,0.41,0.8857142857142857,310,350
0.77,0.42,0.8857142857142857,310,350
0.77,0.43,0.8857142857142857,310,350
0.77,0.44,0.8857142857142857,310,350
0.77,0.45,0.8857142857142857,310,350
0.77,0.46,0.8857142857142857,310,350
0.77,0.47,0.8857142857142857,310,350
0.77,0.48,0.8857142857142857,310,350
0.77,0.49,0.8857142857142857,310,350
0.77,0.5,0.8857142857142857,310,350
0.78,0.1,0.8857142857142857,310,350
0.78,0.11,0.8857142857142857,310,350
0.78,0.12,0.8857142857142857,310,350
0.78,0.13,0.8857142857142857,310,350
0.78,0.14,0.8857142857142857,310,350
0.78,0.15,0.8857142857142857,310,350
0.78,0.16,0.8857142857142857,310,350
0.78,0.17,0.8857142857142857,310,350
0.78,0.18,0.8857142857142857,310,350
0.78,0.19,0.8857142857142857,310,350
0.78,0.2,0.8857142857142857,310,350
0.78,0.21,0.8857142857142857,310,350
0.78,0.22,0.8857142857142857,310,350
0.78,0.23,0.8857142857142857,310,350
0.78,0.24,0.8857142857142857,310,350
0.78,0.25,0.8857142857142857,310,350
0.78,0.26,0.8857142857142857,310,350
0.78,0.27,0.8857142857142857,310,350
0.78,0.28,0.8857142857142857,310,350
0.78,0.29,0.8857142857142857,310,350
0.78,0.3,0.8857142857142857,310,350
0.78,0.31,0.8857142857142857,310,350
0.78,0.32,0.8857142857142857,310,350
0.78,0.33,0.8857142857142857,310,350
0.78,0.34,0.8857142857142857,310,350
0.78,0.35,0.8857142857142857,310,350
0.78,0.36,0.8857142857142857,310,350
0.78,0.37,0.8857142857142857,310,350
0.78,0.38,0.8857142857142857,310,350
0.78,0.39,0.8857142857142857,310,350
0.78,0.4,0.8857142857142857,310,350
0.78,0.41,0.8857142857142857,310,350
0.78,0.42,0.8857142857142857,310,350
0.78,0.43,0.8857142857142857,310,350
0.78,0.44,0.8857142857142857,310,350
0.78,0.45,0.8857142857142857,310,350
0.78,0.46,0.8857142857142857,310,350
0.78,0.47,0.8857142857142857,310,350
0.78,0.48,0.8857142857142857,310,350
0.78,0.49,0.8857142857142857,310,350
0.78,0.5,0.8857142857142857,310,350
0.79,0.1,0.8857142857142857,310,350
0.79,0.11,0.8857142857142857,310,350
0.79,0.12,0.8857142857142857,310,350
0.79,0.13,0.8857142857142857,310,350
0.79,0.14,0.8857142857142857,310,350
0.79,0.15,0.8857142857142857,310,350
0.79,0.16,0.8857142857142857,310,350
0.79,0.17,0.8857142857142857,310,350
0.79,0.18,0.8857142857142857,310,350
0.79,0.19,0.8857142857142857,310,350
0.79,0.2,0.8857142857142857,310,350
0.79,0.21,0.8857142857142857,310,350
0.79,0.22,0.8857142857142857,310,350
0.79,0.23,0.8857142857142857,310,350
0.79,0.24,0.8857142857142857,310,350
0.79,0.25,0.8857142857142857,310,350
0.79,0.26,0.8857142857142857,310,350
0.79,0.27,0.8857142857142857,310,350
0.79,0.28,0.8857142857142857,310,350
0.79,0.29,0.8857142857142857,310,350
0.79,0.3,0.8857142857142857,310,350
0.79,0.31,0.8857142857142857,310,350
0.79,0.32,0.8857142857142857,310,350
0.79,0.33,0.8857142857142857,310,350
0.79,0.34,0.8857142857142857,310,350
0.79,0.35,0.8857142857142857,310,350
0.79,0.36,0.8857142857142857,310,350
0.79,0.37,0.8857142857142857,310,350
0.79,0.38,0.8857142857142857,310,350
0.79,0.39,0.8857142857142857,310,350
0.79,0.4,0.8857142857142857,310,350
0.79,0.41,0.8857142857142857,310,350
0.79,0.42,0.8857142857142857,310,350
0.79,0.43,0.8857142857142857,310,350
0.79,0.44,0.8857142857142857,310,350
0.79,0.45,0.8857142857142857,310,350
0.79,0.46,0.8857142857142857,310,350
0.79,0.47,0.8857142857142857,310,350
0.79,0.48,0.8857142857142857,310,350
0.79,0.49,0.8857142857142857,310,350
0.79,0.5,0.8857142857142857,310,350
0.8,0.1,0.8857142857142857,310,350
0.8,0.11,0.8857142857142857,310,350
0.8,0.12,0.8857142857142857,310,350
0.8,0.13,0.8857142857142857,310,350
0.8,0.14,0.8857142857142857,310,350
0.8,0.15,0.8857142857142857,310,350
0.8,0.16,0.8857142857142857,310,350
0.8,0.17,0.8857142857142857,310,350
0.8,0.18,0.8857142857142857,310,350
0.8,0.19,0.8857142857142857,310,350
0.8,0.2,0.8857142857142857,310,350
0.8,0.21,0.8857142857142857,310,350
0.8,0.22,0.8857142857142857,310,350
0.8,0.23,0.8857142857142857,310,350
0.8,0.24,0.8857142857142857,310,350
0.8,0.25,0.8857142857142857,310,350
0.8,0.26,0.8857142857142857,310,350
0.8,0.27,0.8857142857142857,310,350
0.8,0.28,0.8857142857142857,310,350
0.8,0.29,0.8857142857142857,310,350
0.8,0.3,0.8857142857142857,310,350
0.8,0.31,0.8857142857142857,310,350
0.8,0.32,0.8857142857142857,310,350
0.8,0.33,0.8857142857142857,310,350
0.8,0.34,0.8857142857142857,310,350
0.8,0.35,0.8857142857142857,310,350
0.8,0.36,0.8857142857142857,310,350
0.8,0.37,0.8857142857142857,310,350
0.8,0.38,0.8857142857142857,310,350
0.8,0.39,0.8857142857142857,310,350
0.8,0.4,0.8857142857142857,310,350
0.8,0.41,0.8857142857142857,310,350
0.8,0.42,0.8857142857142857,310,350
0.8,0.43,0.8857142857142857,310,350
0.8,0.44,0.8857142857142857,310,350
0.8,0.45,0.8857142857142857,310,350
0.8,0.46,0.8857142857142857,310,350
0.8,0.47,0.8857142857142857,310,350
0.8,0.48,0.8857142857142857,310,350
0.8,0.49,0.8857142857142857,310,350
0.8,0.5,0.8857142857142857,310,350
0.81,0.1,0.8857142857142857,310,350
0.81,0.11,0.8857142857142857,310,350
0.81,0.12,0.8857142857142857,310,350
0.81,0.13,0.8857142857142857,310,350
0.81,0.14,0.8857142857142857,310,350
0.81,0.15,0.8857142857142857,310,350
0.81,0.16,0.8857142857142857,310,350
0.81,0.17,0.8857142857142857,310,350
0.81,0.18,0.8857142857142857,310,350
0.81,0.19,0.8857142857142857,310,350
0.81,0.2,0.8857142857142857,310,350
0.81,0.21,0.8857142857142857,310,350
0.81,0.22,0.8857142857142857,310,350
0.81,0.23,0.8857142857142857,310,350
0.81,0.24,0.8857142857142857,310,350
0.81,0.25,0.8857142857142857,310,350
0.81,0.26,0.8857142857142857,310,350
0.81,0.27,0.8857142857142857,310,350
0.81,0.28,0.8857142857142857,310,350
0.81,0.29,0.8857142857142857,310,350
0.81,0.3,0.8857142857142857,310,350
0.81,0.31,0.8857142857142857,310,350
0.81,0.32,0.8857142857142857,310,350
0.81,0.33,0.8857142857142857,310,350
0.81,0.34,0.8857142857142857,310,350
0.81,0.35,0.8857142857142857,310,350
0.81,0.36,0.8857142857142857,310,350
0.81,0.37,0.8857142857142857,310,350
0.81,0.38,0.8857142857142857,310,350
0.81,0.39,0.8857142857142857,310,350
0.81,0.4,0.8857142857142857,310,350
0.81,0.41,0.8857142857142857,310,350
0.81,0.42,0.8857142857142857,310,350
0.81,0.43,0.8857142857142857,310,350
0.81,0.44,0.8857142857142857,310,350
0.81,0.45,0.8857142857142857,310,350
0.81,0.46,0.8857142857142857,310,350
0.81,0.47,0.8857142857142857,310,350
0.81,0.48,0.8857142857142857,310,350
0.81,0.49,0.8857142857142857,310,350
0.81,0.5,0.8857142857142857,310,350
0.82,0.1,0.8857142857142857,310,350
0.82,0.11,0.8857142857142857,310,350
0.82,0.12,0.8857142857142857,310,350
0.82,0.13,0.8857142857142857,310,350
0.82,0.14,0.8857142857142857,310,350
0.82,0.15,0.8857142857142857,310,350
0.82,0.16,0.8857142857142857,310,350
0.82,0.17,0.8857142857142857,310,350
0.82,0.18,0.8857142857142857,310,350
0.82,0.19,0.8857142857142857,310,350
0.82,0.2,0.8857142857142857,310,350
0.82,0.21,0.8857142857142857,310,350
0.82,0.22,0.8857142857142857,310,350
0.82,0.23,0.8857142857142857,310,350
0.82,0.24,0.8857142857142857,310,350
0.82,0.25,0.8857142857142857,310,350
0.82,0.26,0.8857142857142857,310,350
0.82,0.27,0.8857142857142857,310,350
0.82,0.28,0.8857142857142857,310,350
0.82,0.29,0.8857142857142857,310,350
0.82,0.3,0.8857142857142857,310,350
0.82,0.31,0.8857142857142857,310,350
0.82,0.32,0.8857142857142857,310,350
0.82,0.33,0.8857142857142857,310,350
0.82,0.34,0.8857142857142857,310,350
0.82,0.35,0.8857142857142857,310,350
0.82,0.36,0.8857142857142857,310,350
0.82,0.37,0.8857142857142857,310,350
0.82,0.38,0.8857142857142857,310,350
0.82,0.39,0.8857142857142857,310,350
0.82,0.4,0.8857142857142857,310,350
0.82,0.41,0.8857142857142857,310,350
0.82,0.42,0.8857142857142857,310,350
0.82,0.43,0.8857142857142857,310,350
0.82,0.44,0.8857142857142857,310,350
0.82,0.45,0.8857142857142857,310,350
0.82,0.46,0.8857142857142857,310,350
0.82,0.47,0.8857142857142857,310,350
0.82,0.48,0.8857142857142857,310,350
0.82,0.49,0.8857142857142857,310,350
0.82,0.5,0.8857142857142857,310,350
0.83,0.1,0.8857142857142857,310,350
0.83,0.11,0.8857142857142857,310,350
0.83,0.12,0.8857142857142857,310,350
0.83,0.13,0.8857142857142857,310,350
0.83,0.14,0.8857142857142857,310,350
0.83,0.15,0.8857142857142857,310,350
0.83,0.16,0.8857142857142857,310,350
0.83,0.17,0.8857142857142857,310,350
0.83,0.18,0.8857142857142857,310,350
0.83,0.19,0.8857142857142857,310,350
0.83,0.2,0.8857142857142857,310,350
0.83,0.21,0.8857142857142857,310,350
0.83,0.22,0.8857142857142857,310,350
0.83,0.23,0.8857142857142857,310,350
0.83,0.24,0.8857142857142857,310,350
0.83,0.25,0.8857142857142857,310,350
0.83,0.26,0.8857142857142857,310,350
0.83,0.27,0.8857142857142857,310,350
0.83,0.28,0.8857142857142857,310,350
0.83,0.29,0.8857142857142857,310,350
0.83,0.3,0.8857142857142857,310,350
0.83,0.31,0.8857142857142857,310,350
0.83,0.32,0.8857142857142857,310,350
0.83,0.33,0.8857142857142857,310,350
0.83,0.34,0.8857142857142857,310,350
0.83,0.35,0.8857142857142857,310,350
0.83,0.36,0.8857142857142857,310,350
0.83,0.37,0.8857142857142857,310,350
0.83,0.38,0.8857142857142857,310,350
0.83,0.39,0.8857142857142857,310,350
0.83,0.4,0.8857142857142857,310,350
0.83,0.41,0.8857142857142857,310,350
0.83,0.42,0.8857142857142857,310,350
0.83,0.43,0.8857142857142857,310,350
0.83,0.44,0.8857142857142857,310,350
0.83,0.45,0.8857142857142857,310,350
0.83,0.46,0.8857142857142857,310,350
0.83,0.47,0.8857142857142857,310,350
0.83,0.48,0.8857142857142857,310,350
0.83,0.49,0.8857142857142857,310,350
0.83,0.5,0.8857142857142857,310,350
0.84,0.1,0.8857142857142857,310,350
0.84,0.11,0.8857142857142857,310,350
0.84,0.12,0.8857142857142857,310,350
0.84,0.13,0.8857142857142857,310,350
0.84,0.14,0.8857142857142857,310,350
0.84,0.15,0.8857142857142857,310,350
0.84,0.16,0.8857142857142857,310,350
0.84,0.17,0.8857142857142857,310,350
0.84,0.18,0.8857142857142857,310,350
0.84,0.19,0.8857142857142857,310,350
0.84,0.2,0.8857142857142857,310,350
0.84,0.21,0.8857142857142857,310,350
0.84,0.22,0.8857142857142857,310,350
0.84,0.23,0.8857142857142857,310,350
0.84,0.24,0.8857142857142857,310,350
0.84,0.25,0.8857142857142857,310,350
0.84,0.26,0.8857142857142857,310,350
0.84,0.27,0.8857142857142857,310,350
0.84,0.28,0.8857142857142857,310,350
0.84,0.29,0.8857142857142857,310,350
0.84,0.3,0.8857142857142857,310,350
0.84,0.31,0.8857142857142857,310,350
0.84,0.32,0.8857142857142857,310,350
0.84,0.33,0.8857142857142857,310,350
0.84,0.34,0.8857142857142857,310,350
0.84,0.35,0.8857142857142857,310,350
0.84,0.36,0.8857142857142857,310,350
0.84,0.37,0.8857142857142857,310,350
0.84,0.38,0.8857142857142857,310,350
0.84,0.39,0.8857142857142857,310,350
0.84,0.4,0.8857142857142857,310,350
0.84,0.41,0.8857142857142857,310,350
0.84,0.42,0.8857142857142857,310,350
0.84,0.43,0.8857142857142857,310,350
0.84,0.44,0.8857142857142857,310,350
0.84,0.45,0.8857142857142857,310,350
0.84,0.46,0.8857142857142857,310,350
0.84,0.47,0.8857142857142857,310,350
0.84,0.48,0.8857142857142857,310,350
0.84,0.49,0.8857142857142857,310,350
0.84,0.5,0.8857142857142857,310,350
0.85,0.1,0.8857142857142857,310,350
0.85,0.11,0.8857142857142857,310,350
0.85,0.12,0.8857142857142857,310,350
0.85,0.13,0.8857142857142857,310,350
0.85,0.14,0.8857142857142857,310,350
0.85,0.15,0.8857142857142857,310,350
0.85,0.16,0.8857142857142857,310,350
0.85,0.17,0.8857142857142857,310,350
0.85,0.18,0.8857142857142857,310,350
0.85,0.19,0.8857142857142857,310,350
0.85,0.2,0.8857142857142857,310,350
0.85,0.21,0.8857142857142857,310,350
0.85,0.22,0.8857142857142857,310,350
0.85,0.23,0.8857142857142857,310,350
0.85,0.24,0.8857142857142857,310,350
0.85,0.25,0.8857142857142857,310,350
0.85,0.26,0.8857142857142857,310,350
0.85,0.27,0.8857142857142857,310,350
0.85,0.28,0.8857142857142857,310,350
0.85,0.29,0.8857142857142857,310,350
0.85,0.3,0.8857142857142857,310,350
0.85,0.31,0.8857142857142857,310,350
0.85,0.32,0.8857142857142857,310,350
0.85,0.33,0.8857142857142857,310,350
0.85,0.34,0.8857142857142857,310,350
0.85,0.35,0.8857142857142857,310,350
0.85,0.36,0.8857142857142857,310,350
0.85,0.37,0.8857142857142857,310,350
0.85,0.38,0.8857142857142857,310,350
0.85,0.39,0.8857142857142857,310,350
0.85,0.4,0.8857142857142857,310,350
0.85,0.41,0.8857142857142857,310,350
0.85,0.42,0.8857142857142857,310,350
0.85,0.43,0.8857142857142857,310,350
0.85,0.44,0.8857142857142857,310,350
0.85,0.45,0.8857142857142857,310,350
0.85,0.46,0.8857142857142857,310,350
0.85,0.47,0.8857142857142857,310,350
0.85,0.48,0.8857142857142857,310,350
0.85,0.49,0.8857142857142857,310,350
0.85,0.5,0.8857142857142857,310,350
0.86,0.1,0.8857142857142857,310,350
0.86,0.11,0.8857142857142857,310,350
0.86,0.12,0.8857142857142857,310,350
0.86,0.13,0.8857142857142857,310,350
0.86,0.14,0.8857142857142857,310,350
0.86,0.15,0.8857142857142857,310,350
0.86,0.16,0.8857142857142857,310,350
0.86,0.17,0.8857142857142857,310,350
0.86,0.18,0.8857142857142857,310,350
0.86,0.19,0.8857142857142857,310,350
0.86,0.2,0.8857142857142857,310,350
0.86,0.21,0.8857142857142857,310,350
0.86,0.22,0.8857142857142857,310,350
0.86,0.23,0.8857142857142857,310,350
0.86,0.24,0.8857142857142857,310,350
0.86,0.25,0.8857142857142857,310,350
0.86,0.26,0.8857142857142857,310,350
0.86,0.27,0.8857142857142857,310,350
0.86,0.28,0.8857142857142857,310,350
0.86,0.29,0.8857142857142857,310,350
0.86,0.3,0.8857142857142857,310,350
0.86,0.31,0.8857142857142857,310,350
0.86,0.32,0.8857142857142857,310,350
0.86,0.33,0.8857142857142857,310,350
0.86,0.34,0.8857142857142857,310,350
0.86,0.35,0.8857142857142857,310,350
0.86,0.36,0.8857142857142857,310,350
0.86,0.37,0.8857142857142857,310,350
0.86,0.38,0.8857142857142857,310,350
0.86,0.39,0.8857142857142857,310,350
0.86,0.4,0.8857142857142857,310,350
0.86,0.41,0.8857142857142857,310,350
0.86,0.42,0.8857142857142857,310,350
0.86,0.43,0.8857142857142857,310,350
0.86,0.44,0.8857142857142857,310,350
0.86,0.45,0.8857142857142857,310,350
0.86,0.46,0.8857142857142857,310,350
0.86,0.47,0.8857142857142857,310,350
0.86,0.48,0.8857142857142857,310,350
0.86,0.49,0.8857142857142857,310,350
0.86,0.5,0.8857142857142857,310,350
0.87,0.1,0.8857142857142857,310,350
0.87,0.11,0.8857142857142857,310,350
0.87,0.12,0.8857142857142857,310,350
0.87,0.13,0.8857142857142857,310,350
0.87,0.14,0.8857142857142857,310,350
0.87,0.15,0.8857142857142857,310,350
0.87,0.16,0.8857142857142857,310,350
0.87,0.17,0.8857142857142857,310,350
0.87,0.18,0.8857142857142857,310,350
0.87,0.19,0.8857142857142857,310,350
0.87,0.2,0.8857142857142857,310,350
0.87,0.21,0.8857142857142857,310,350
0.87,0.22,0.8857142857142857,310,350
0.87,0.23,0.8857142857142857,310,350
0.87,0.24,0.8857142857142857,310,350
0.87,0.25,0.8857142857142857,310,350
0.87,0.26,0.8857142857142857,310,350
0.87,0.27,0.8857142857142857,310,350
0.87,0.28,0.8857142857142857,310,350
0.87,0.29,0.8857142857142857,310,350
0.87,0.3,0.8857142857142857,310,350
0.87,0.31,0.8857142857142857,310,350
0.87,0.32,0.8857142857142857,310,350
0.87,0.33,0.8857142857142857,310,350
0.87,0.34,0.8857142857142857,310,350
0.87,0.35,0.8857142857142857,310,350
0.87,0.36,0.8857142857142857,310,350
0.87,0.37,0.8857142857142857,310,350
0.87,0.38,0.8857142857142857,310,350
0.87,0.39,0.8857142857142857,310,350
0.87,0.4,0.8857142857142857,310,350
0.87,0.41,0.8857142857142857,310,350
0.87,0.42,0.8857142857142857,310,350
0.87,0.43,0.8857142857142857,310,350
0.87,0.44,0.8857142857142857,310,350
0.87,0.45,0.8857142857142857,310,350
0.87,0.46,0.8857142857142857,310,350
0.87,0.47,0.8857142857142857,310,350
0.87,0.48,0.8857142857142857,310,350
0.87,0.49,0.8857142857142857,310,350
0.87,0.5,0.8857142857142857,310,350
0.88,0.1,0.8857142857142857,310,350
0.88,0.11,0.8857142857142857,310,350
0.88,0.12,0.8857142857142857,310,350
0.88,0.13,0.8857142857142857,310,350
0.88,0.14,0.8857142857142857,310,350
0.88,0.15,0.8857142857142857,310,350
0.88,0.16,0.8857142857142857,310,350
0.88,0.17,0.8857142857142857,310,350
0.88,0.18,0.8857142857142857,310,350
0.88,0.19,0.8857142857142857,310,350
0.88,0.2,0.8857142857142857,310,350
0.88,0.21,0.8857142857142857,310,350
0.88,0.22,0.8857142857142857,310,350
0.88,0.23,0.8857142857142857,310,350
0.88,0.24,0.8857142857142857,310,350
0.88,0.25,0.8857142857142857,310,350
0.88,0.26,0.8857142857142857,310,350
0.88,0.27,0.8857142857142857,310,350
0.88,0.28,0.8857142857142857,310,350
0.88,0.29,0.8857142857142857,310,350
0.88,0.3,0.8857142857142857,310,350
0.88,0.31,0.8857142857142857,310,350
0.88,0.32,0.8857142857142857,310,350
0.88,0.33,0.8857142857142857,310,350
0.88,0.34,0.8857142857142857,310,350
0.88,0.35,0.8857142857142857,310,350
0.88,0.36,0.8857142857142857,310,350
0.88,0.37,0.8857142857142857,310,350
0.88,0.38,0.8857142857142857,310,350
0.88,0.39,0.8857142857142857,310,350
0.88,0.4,0.8857142857142857,310,350
0.88,0.41,0.8857142857142857,310,350
0.88,0.42,0.8857142857142857,310,350
0.88,0.43,0.8857142857142857,310,350
0.88,0.44,0.8857142857142857,310,350
0.88,0.45,0.8857142857142857,310,350
0.88,0.46,0.8857142857142857,310,350
0.88,0.47,0.8857142857142857,310,350
0.88,0.48,0.8857142857142857,310,350
0.88,0.49,0.8857142857142857,310,350
0.88,0.5,0.8857142857142857,310,350
0.89,0.1,0.8857142857142857,310,350
0.89,0.11,0.8857142857142857,310,350
0.89,0.12,0.8857142857142857,310,350
0.89,0.13,0.8857142857142857,310,350
0.89,0.14,0.8857142857142857,310,350
0.89,0.15,0.8857142857142857,310,350
0.89,0.16,0.8857142857142857,310,350
0.89,0.17,0.8857142857142857,310,350
0.89,0.18,0.8857142857142857,310,350
0.89,0.19,0.8857142857142857,310,350
0.89,0.2,0.8857142857142857,310,350
0.89,0.21,0.8857142857142857,310,350
0.89,0.22,0.8857142857142857,310,350
0.89,0.23,0.8857142857142857,310,350
0.89,0.24,0.8857142857142857,310,350
0.89,0.25,0.8857142857142857,310,350
0.89,0.26,0.8857142857142857,310,350
0.89,0.27,0.8857142857142857,310,350
0.89,0.28,0.8857142857142857,310,350
0.89,0.29,0.8857142857142857,310,350
0.89,0.3,0.8857142857142857,310,350
0.89,0.31,0.8857142857142857,310,350
0.89,0.32,0.8857142857142857,310,350
0.89,0.33,0.8857142857142857,310,350
0.89,0.34,0.8857142857142857,310,350
0.89,0.35,0.8857142857142857,310,350
0.89,0.36,0.8857142857142857,310,350
0.89,0.37,0.8857142857142857,310,350
0.89,0.38,0.8857142857142857,310,350
0.89,0.39,0.8857142857142857,310,350
0.89,0.4,0.8857142857142857,310,350
0.89,0.41,0.8857142857142857,310,350
0.89,0.42,0.8857142857142857,310,350
0.89,0.43,0.8857142857142857,310,350
0.89,0.44,0.8857142857142857,310,350
0.89,0.45,0.8857142857142857,310,350
0.89,0.46,0.8857142857142857,310,350
0.89,0.47,0.8857142857142857,310,350
0.89,0.48,0.8857142857142857,310,350
0.89,0.49,0.8857142857142857,310,350
0.89,0.5,0.8857142857142857,310,350
0.9,0.1,0.8857142857142857,310,350
0.9,0.11,0.8857142857142857,310,350
0.9,0.12,0.8857142857142857,310,350
0.9,0.13,0.8857142857142857,310,350
0.9,0.14,0.8857142857142857,310,350
0.9,0.15,0.8857142857142857,310,350
0.9,0.16,0.8857142857142857,310,350
0.9,0.17,0.8857142857142857,310,350
0.9,0.18,0.8857142857142857,310,350
0.9,0.19,0.8857142857142857,310,350
0.9,0.2,0.8857142857142857,310,350
0.9,0.21,0.8857142857142857,310,350
0.9,0.22,0.8857142857142857,310,350
0.9,0.23,0.8857142857142857,310,350
0.9,0.24,0.8857142857142857,310,350
0.9,0.25,0.8857142857142857,310,350
0.9,0.26,0.8857142857142857,310,350
0.9,0.27,0.8857142857142857,310,350
0.9,0.28,0.8857142857142857,310,350
0.9,0.29,0.8857142857142857,310,350
0.9,0.3,0.8857142857142857,310,350
0.9,0.31,0.8857142857142857,310,350
0.9,0.32,0.8857142857142857,310,350
0.9,0.33,0.8857142857142857,310,350
0.9,0.34,0.8857142857142857,310,350
0.9,0.35,0.8857142857142857,310,350
0.9,0.36,0.8857142857142857,310,350
0.9,0.37,0.8857142857142857,310,350
0.9,0.38,0.8857142857142857,310,350
0.9,0.39,0.8857142857142857,310,350
0.9,0.4,0.8857142857142857,310,350
0.9,0.41,0.8857142857142857,310,350
0.9,0.42,0.8857142857142857,310,350
0.9,0.43,0.8857142857142857,310,350
0.9,0.44,0.8857142857142857,310,350
0.9,0.45,0.8857142857142857,310,350
0.9,0.46,0.8857142857142857,310,350
0.9,0.47,0.8857142857142857,310,350
0.9,0.48,0.8857142857142857,310,350
0.9,0.49,0.8857142857142857,310,350
0.9,0.5,0.8857142857142857,310,350
